Post ID,POST,Share Count,comment id,TEXT,data__comments__data__like_count,data__comments__paging__cursors__before,data__comments__paging__cursors__after,paging__cursors__before,paging__cursors__after,paging__next,data__comments__data__live_broadcast_timestamp,data__sharedposts__data__id,data__sharedposts__data__name,data__sharedposts__paging__cursors__before,data__sharedposts__paging__cursors__after,data__sharedposts__paging__next,data__comments__paging__next,data__comments__data__reactions__data__id,Lifetime Post Total Reach,Lifetime Post organic reach,Lifetime Post Paid Reach,Lifetime Post Total Impressions,Lifetime Post Organic Impressions,Lifetime Post Paid Impressions,Lifetime Engaged Users,Lifetime Matched Audience Targeting Consumers on Post,Lifetime Matched Audience Targeting Consumptions on Post,Lifetime Negative Feedback from Users,Lifetime Negative Feedback,Lifetime Post Impressions by people who have liked your Page,Lifetime Post reach by people who like your Page,Lifetime Post Paid Impressions by people who have liked your Page,Lifetime Paid reach of a post by people who like your Page,Lifetime People who have liked your Page and engaged with your post,Lifetime Organic views to 95%,Lifetime Organic views to 95%.1,Lifetime Paid views to 95%,Lifetime Paid views to 95%.1,Lifetime Organic Video Views,Lifetime Organic Video Views.1,Lifetime Paid Video Views,Lifetime Paid Video Views.1,Lifetime Average time video viewed,Lifetime Video length,Lifetime Talking About This (Post) by action type - share,Lifetime Talking About This (Post) by action type - like,Lifetime Talking About This (Post) by action type - comment,Lifetime Post Stories by action type - share,Lifetime Post Stories by action type - like,Lifetime Post Stories by action type - comment,Lifetime Post Audience Targeting Unique Consumptions by Type - other clicks,Lifetime Post Audience Targeting Unique Consumptions by Type - link clicks,Lifetime Post Audience Targeting Unique Consumptions by Type - photo view,Lifetime Post Audience Targeting Unique Consumptions by Type - video play,Lifetime Matched Audience Targeting Consumptions by Type - other clicks,Lifetime Matched Audience Targeting Consumptions by Type - link clicks,Lifetime Matched Audience Targeting Consumptions by Type - photo view,Lifetime Matched Audience Targeting Consumptions by Type - video play,Lifetime Negative Feedback from Users by Type - hide_all_clicks,Lifetime Negative Feedback from Users by Type - hide_clicks,Lifetime Negative Feedback from Users by Type - report_spam_clicks,Lifetime Negative Feedback by Type - hide_all_clicks,Lifetime Negative Feedback by Type - hide_clicks,Lifetime Negative Feedback by Type - report_spam_clicks
109037004060247_180497573580856,IMPORTANTE.,27,180497573580856_180498203580793,"PARA ALUMNOS.Secundaria Técnica 16 - Taller estudiantes\nHora: 2 oct 2020 09:00 AM Ciudad de México\n\nUnirse a la reunión Zoom\nhttps://zoom.us/j/94504387986?pwd=WlErR2pWMVRKRmgwbUpZeHpadk8wdz09\n\nID de reunión: 945 0438 7986\nCódigo de acceso: FORTASEG20\nMóvil con un toque\n+525568269800,,94504387986#,,,,,,0#,,4157825675# México\n+525586596001,,94504387986#,,,,,,0#,,4157825675# México\n\nMarcar según su ubicación\n +52 556 826 9800 México\n +52 558 659 6001 México\n +52 229 910 0061 México\n +52 554 161 4288 México\n +1 253 215 8782 Estados Unidos de América (Tacoma)\n +1 301 715 8592 Estados Unidos de América (Germantown)\n +1 312 626 6799 Estados Unidos de América (Chicago)\n +1 346 248 7799 Estados Unidos de América (Houston)\n +1 669 900 6833 Estados Unidos de América (San Jose)\n +1 929 205 6099 Estados Unidos de América (New York)\nID de reunión: 945 0438 7986\nCódigo de acceso: 4157825675\nEncuentre su número local: https://zoom.us/u/aBTVmlxPD",0,WTI5dGJXVnVkRjlqZAFhKemIzSTZANVGd3TkRrNE1qQXpOVGd3Tnprek9qRTJNREUxTmpBNU5ETT0ZD,WTI5dGJXVnVkRjlqZAFhKemIzSTZANVGd3TmpJNE1qWXdNak0wTkRVME9qRTJNREUyTURNME1qVT0ZD,Q2c4U1pXNTBYM0YxWlhKNVgzTjBiM0o1WDJsa0R5SXhNRGt3TXpjd01EUXdOakF5TkRjN01UZA3dORGszTlRjek5UZA3dPRFUyT3pzMER3eGhjR2xmYzNSdmNubGZAhV1FQSHpFd09UQXpOekF3TkRBMk1ESTBOMTh4T0RBME9UYzFOek0xT0RBNE5UWVBCSFJwYldVR1gzWGd2UUU9,Q2c4U1pXNTBYM0YxWlhKNVgzTjBiM0o1WDJsa0R5SXhNRGt3TXpjd01EUXdOakF5TkRjN01UVTJPVGM1TXpFeU5UazVNelE1T3pzMER3eGhjR2xmYzNSdmNubGZAhV1FQSHpFd09UQXpOekF3TkRBMk1ESTBOMTh4TlRZANU56a3pNVEkxT1Rrek5Ea1BCSFJwYldVR1h3U1V0d0U9,https://graph.facebook.com/v8.0/109037004060247/published_posts?access_token=EAAI6zYHYg7MBAEuCcuy8EGZBuOgfOKEjjbfBufkAtrV4s3SDvxbmNRvflwxNdr0OHti5AP05rLT41BR7VqXfj4IKAx934ZCyNZAQZAlfq4rQ5fgoamEMPRnp8ZAuaA6ZCOf018U7eERrf1zAsIbZApFc2ZB6ZBTMzZC3PCNgWgjrj4iOw9PRdxTiXi6ex3FWbrjPsZD&fields=id%2Cmessage%2Cshares%2Ccomments%7Bid%2Clive_broadcast_timestamp%2Cmessage%2Clike_count%2Creactions%7D%2Creactions%7Bid%2Cname%2Cusername%7D%2Csharedposts%7Bid%2Cmessage%2Cname%7D&limit=25&after=Q2c4U1pXNTBYM0YxWlhKNVgzTjBiM0o1WDJsa0R5SXhNRGt3TXpjd01EUXdOakF5TkRjN01UVTJPVGM1TXpFeU5UazVNelE1T3pzMER3eGhjR2xmYzNSdmNubGZAhV1FQSHpFd09UQXpOekF3TkRBMk1ESTBOMTh4TlRZANU56a3pNVEkxT1Rrek5Ea1BCSFJwYldVR1h3U1V0d0U9,,,,,,,,,13560,13560,0,18814,18814,0,219,116,137,7,7,15645,11367,0,0,187,0,0,0,0,0,0,0,0,0,0,31,118,3,31,119,3,42,80,,,53,84,,,3,4,,3,4,
,,,180497573580856_180498533580760,"PARA PADRES DE FAMILIA.SECUNDARIA TÉCNICA 16 - FAMILIAS\nHora: 2 oct 2020 06:00 PM Ciudad de México\n\nUnirse a la reunión Zoom\nhttps://zoom.us/j/99285600074?pwd=ZkJFQktET1lTUE1HZzVaL001NFRiQT09\n\nID de reunión: 992 8560 0074\nCódigo de acceso: FORTASEG20\nMóvil con un toque\n+525568269800,,99285600074#,,,,,,0#,,7221711488# México\n+525586596001,,99285600074#,,,,,,0#,,7221711488# México\n\nMarcar según su ubicación\n +52 556 826 9800 México\n +52 558 659 6001 México\n +52 229 910 0061 México\n +52 554 161 4288 México\n +1 669 900 6833 Estados Unidos de América (San Jose)\n +1 929 205 6099 Estados Unidos de América (New York)\n +1 253 215 8782 Estados Unidos de América (Tacoma)\n +1 301 715 8592 Estados Unidos de América (Germantown)\n +1 312 626 6799 Estados Unidos de América (Chicago)\n +1 346 248 7799 Estados Unidos de América (Houston)\nID de reunión: 992 8560 0074\nCódigo de acceso: 7221711488\nEncuentre su número local: https://zoom.us/u/aYAhezKfQ",1,,,,,,,,,,,,,,7837,7837,0,10101,10101,0,96,67,89,4,4,9085,7002,0,0,63,0,0,0,0,0,0,0,0,0,0,7,32,1,9,33,4,20,16,33,,25,17,47,,4,,,4,,
,,,180497573580856_180500450247235,Maria Rayas,0,,,,,,,,,,,,,,10727,10727,0,14902,14900,0,195,150,168,7,7,12896,9205,0,0,174,0,0,0,0,0,0,0,0,0,0,27,57,1,27,60,1,31,126,,,39,129,,,3,4,,3,4,
,,,180497573580856_180501820247098,Adri Ortega,0,,,,,,,,,,,,,,7937,7937,0,10836,10836,0,238,207,271,5,5,9909,7285,0,0,224,0,0,0,0,1422,1581,0,0,0,10143,,42,1,,42,2,156,77,,,191,80,,,1,4,,1,4,
,,,180497573580856_180505850246695,Renata Huerta,0,,,,,,,,,,,,,,8806,8806,0,12115,12115,0,217,144,197,5,5,8654,6167,0,0,150,0,0,0,0,0,0,0,0,0,0,25,91,7,36,91,11,74,85,,,107,90,,,2,3,,2,3,
,,,180497573580856_180513470245933,Y es obligatorio entrar alas salas,0,,,,,,,,,,,,,,9321,9321,0,12186,12186,0,543,99,124,10,10,10479,7993,0,0,145,0,0,0,0,0,0,0,0,0,0,33,414,1,36,414,1,30,74,,,48,76,,,2,8,,2,8,
,,,180497573580856_180513976912549,Angel Morales,0,,,,,,,,,,,,,,11796,11796,0,16509,16509,0,330,216,246,5,6,11419,8193,0,0,251,0,0,0,0,0,0,0,0,0,0,24,134,2,24,138,2,140,88,,,156,90,,,3,3,,2,3,
,,,180497573580856_180517376912209,PaOlitha Diaz Angel Morales,0,,,,,,,,,,,,,,7286,7286,0,9422,9422,0,88,51,56,7,7,8517,6566,0,0,70,0,0,0,0,0,0,0,0,0,0,6,38,,6,38,,25,28,,,28,28,,,4,3,,4,3,
,,,180497573580856_180520880245192,.,0,,,,,,,,,,,,,,9374,9374,0,12439,12439,0,281,193,248,2,2,8742,6686,0,0,172,216,232,0,0,2181,2439,0,0,4116,32937,36,92,4,39,93,5,91,34,,88,105,35,,108,,2,,,2,
,,,180497573580856_180527016911245,Gilda Adriana,0,,,,,,,,,,,,,,6093,6093,0,8005,8005,0,131,103,136,2,2,7187,5470,0,0,107,156,163,0,0,1126,1221,0,0,4035,25982,5,31,,5,31,,60,9,,54,69,10,,57,,2,,,2,
,,,180497573580856_180529096911037,Gisela 😉,0,,,,,,,,,,,,,,6678,6678,0,8857,8857,0,186,170,218,6,6,8247,6173,0,0,167,0,0,0,0,1071,1121,0,0,0,116350,,23,1,,23,1,169,1,,,217,1,,,4,2,,4,2,
,,,180497573580856_180543600242920,Eli Sanchez😎,0,,,,,,,,,,,,,,9292,9292,0,12255,12255,0,182,131,145,7,7,10714,8228,0,0,161,0,0,0,0,0,0,0,0,0,0,16,51,1,16,54,1,25,110,,,32,113,,,4,3,,4,3,
,,,180497573580856_180552303575383,Césarock Villegas,0,,,,,,,,,,,,,,6841,6841,0,8805,8805,0,90,57,63,4,4,7939,6075,0,0,73,0,0,0,0,0,0,0,0,0,0,6,34,,6,34,,19,40,,,22,41,,,1,3,,1,3,
,,,180497573580856_180553703575243,Buenas tardes vamos a entrar alas salas mañana ala hora q dice ahi en el aviso,0,,,,,,,,,,,,,,10383,10383,0,13963,13963,0,425,291,328,10,11,11067,8390,0,0,328,0,0,0,0,0,0,0,0,0,0,30,161,7,31,165,10,83,219,,,103,225,,,5,5,1,5,5,1
,,,180497573580856_180628260234454,Y es obligatorio??,0,,,,,,,,,,,,,,7588,7588,0,10871,10871,0,517,439,694,3,3,6273,4399,0,0,323,254,274,0,0,2772,3168,0,0,6874,116350,53,95,2,57,108,2,326,2,,250,417,2,,275,,3,,,3,
109037004060247_177025927261354,"Convocatoria dirigida a padres de familia y estudiantes \n\n¡Buen día Padres de Familia y/ o estudiantes! Les compartimos esta convocatoria. \nNuestra escuela secundaria Técnica 16 fue seleccionada para participar en el programa FORTASEG 2020, para prevenir la violencia escolar, por ello, se realizarán diferentes actividades como:\n-La realización de un diagnóstico inicial (con padres de familia, alumnos y docentes)\n-Talleres de prevención de violenciay acoso escolar, sexual y cibernético.\n-Actividades recreativas.\n\n¡Si tu hijo/hija o tu cómo estudiante participas en estas 3 actividades concursarás para ganarte una de las 6 tabletas que sortearemos al finalizar las actividades!\n\nPara iniciar con la primera actividad (diagnóstico inicial) es importante que nos mandes un mensaje con tu dirección, una de nuestras colaboradoras asistirá a tu domicilio con un gaffete de identificación, ahí te brindarán información básica del proyecto, y aplicarán un breve cuestionario el cual tiene una duración máxima de 10 minutos.\nUna vez contestado el cuestionario se les brindará información mediante el whatsapp sobre las siguientes actividades para continuar participando en el sorteo.\n*Es necesario que se firme un consentimiento por parte del padre o tutor para que el alumno pueda participar\n\nPuedes enviar tu domicilio al número: 3320576146 ó al 3310258665",18,,,,,,,,,,,,,,,,,10379,10379,0,14118,14118,0,233,129,145,4,4,12117,8922,0,0,188,0,0,0,0,0,0,0,0,0,0,24,115,1,24,120,1,70,62,,,81,64,,,2,2,,2,2,
109037004060247_176482950648985,"Atención a la comunidad estudiantil, les dejamos el tutorial para contestar los exámenes digitales, LOS CUÁLES SE PUBLICARÁN SUS LINKS EL DÍA DE MAÑANA 17 de Septiembre, DESDE LAS 7:50AM HASTA LAS 5:00PM, EN ÉSTA PÁGINA PARA AMBOS TURNOS Y TODOS LOS GRADOS. \n\nSon 2 exámenes para todos los grados y los dos turnos, el examen académico con 100 preguntas y el examen socioemocional con 50 preguntas. OBLIGATORIOS para que organicen sus tiempos.\n\nPRIMER GRADO LEAN TODAS LAS INDICACIONES Y VEAN TODO EL TUTORIAL.\n\nNO SE PUBLICARÁN EN LOS GRUPOS.\n\nSe les pide vean el tutorial completo y presten atención ya que como se ha mencionado, no habrá segundas oportunidades para realizarlo, sin excepciones. \n\nSON LOS MISMOS PASOS INDEPENDIENTEMENTE DE LA FECHA, 2DO Y 3ER GRADO YA LO SABEN USAR, SE CONTESTAN IGUAL QUE LOS EXÁMENES QUE PRESENTARON EN JUNIO.\n\nTodas las dudas se aclaran en el tutorial.",22,176482950648985_176483927315554,Alexa Ramirez Lupita Ramirez Mary Ramirez,1,WTI5dGJXVnVkRjlqZAFhKemIzSTZANVGMyTkRnek9USTNNekUxTlRVME9qRTJNREF5TnpNMU5qaz0ZD,WTI5dGJXVnVkRjlqZAFhKemIzSTZANVGMyTnpRNE9EUTNNamc1TURZAeU9qRTJNREF6TlRrek5qQT0ZD,,,,0,,,,,,,,9265,9265,0,13396,13396,0,136,93,114,7,7,11068,7810,0,0,108,0,0,0,0,0,0,0,0,0,0,12,53,1,12,53,1,33,64,,,50,64,,,3,4,,3,4,
,,,176482950648985_176484437315503,Adam Sandoval,0,,,,,,0,,,,,,,,7929,7929,0,11087,11087,0,129,87,114,9,9,8682,6219,0,0,80,0,0,0,0,0,0,0,0,0,0,13,52,,14,56,,54,38,,,75,39,,,2,7,,2,7,
,,,176482950648985_176487873981826,Sainh Arturo Mimientzi,0,,,,,,0,,,,,,,,7651,7651,0,10014,10014,0,224,205,273,4,4,9436,7070,0,0,212,0,0,0,0,1489,1575,0,0,0,39214,,34,4,,34,6,199,15,,,257,16,,,1,3,,1,3,
,,,176482950648985_176489783981635,.,0,,,,,,0,,,,,,,,17968,17968,0,25122,25122,0,1033,811,1153,11,11,16648,12398,0,0,611,0,0,0,0,0,0,0,0,0,0,43,256,14,48,262,20,531,398,,,734,419,,,5,6,,5,6,
,,,176482950648985_176502290647051,Valeria Ramírez,0,,,,,,0,,,,,,,,6046,6046,0,8456,8456,0,124,81,98,2,2,7117,4785,0,0,108,0,0,0,0,0,0,0,0,0,0,18,50,,20,50,,27,61,,,36,62,,,1,1,,1,1,
,,,176482950648985_176502793980334,Andrés Ramón Rivas,0,,,,,,0,,,,,,,,4891,4891,0,6543,6543,0,150,133,182,1,1,6268,4714,0,0,142,97,98,0,0,426,0,0,0,0,0,,27,1,24,29,1,129,8,,,172,10,,,,1,,,1,
,,,176482950648985_176514897312457,Saul Rivas,0,,,,,,0,,,,,,,,11853,11853,0,16540,16540,0,314,145,169,6,6,12918,9457,0,0,239,0,0,0,0,0,0,0,0,0,0,37,186,1,38,190,2,80,74,,,92,77,,,1,5,,1,5,
,,,176482950648985_176517370645543,Maria Garcia,0,,,,,,0,,,,,,,,9708,9708,0,13349,13349,0,143,99,122,3,3,11695,8707,0,0,101,0,0,0,0,0,0,0,0,0,0,13,54,1,16,58,2,49,29,33,,57,30,35,,1,2,,1,2,
,,,176482950648985_176519340645346,Maria Rayas,0,,,,,,0,,,,,,,,6718,6718,0,9054,9054,0,93,57,66,2,2,8037,5990,0,0,77,0,0,0,0,0,0,0,0,0,0,11,41,,13,41,,26,32,,,33,33,,,1,1,,1,1,
,,,176482950648985_176615057302441,Ok\nGracias,0,,,,,,0,,,,,,,,8635,8635,0,11860,11860,0,112,75,87,7,7,10763,7865,0,0,104,0,0,0,0,0,0,0,0,0,0,9,38,1,9,39,1,21,55,,,28,59,,,3,4,,3,4,
,,,176482950648985_176748847289062,Ok \nGrasias,0,,,,,,0,,,,,,,,8108,8108,0,11487,11487,0,135,87,111,5,8,9581,6749,0,0,107,0,0,0,0,0,0,0,0,0,0,14,71,,14,73,,43,49,,,54,57,,,1,7,,1,4,
109037004060247_176220834008530,IMPORTANTE. A toda la comunidad educativa,50,176220834008530_176223804008233,Adam Sandoval,0,WTI5dGJXVnVkRjlqZAFhKemIzSTZANVGMyTWpJek9EQTBNREE0TWpNek9qRTJNREF4T1RNeE1qYz0ZD,WTI5dGJXVnVkRjlqZAFhKemIzSTZANVGMyTkRnek1qazNNekUxTmpFM09qRTJNREF5TnpNek5EVT0ZD,,,,,,,,,,,,13322,13322,0,18490,18490,0,340,208,231,6,6,14069,10136,0,0,227,0,0,0,0,0,0,0,0,0,0,34,158,3,37,167,4,120,95,,,134,97,,,4,2,,4,2,
,,,176220834008530_176225797341367,Julia Rivas Saul Rivas,1,,,,,,,,,,,,,,12004,12004,0,17009,17009,0,543,459,625,8,8,12226,8817,0,0,291,0,0,0,0,0,0,0,0,0,0,10,105,25,11,115,34,279,217,,,384,241,,,5,3,,5,3,
,,,176220834008530_176230647340882,Giovanni Martinez Santana,0,,,,,,,,,,,,,,6155,6155,0,8337,8337,0,51,33,40,2,2,7715,5697,0,0,44,0,0,0,0,0,0,0,0,0,0,2,23,1,2,25,1,17,16,,,22,18,,,,2,,,2,
,,,176220834008530_176314060665874,Como se le va a ASER para entrar,0,,,,,,,,,,,,,,8051,8051,0,10947,10947,0,148,108,127,5,5,9710,7126,0,0,132,0,0,0,0,0,0,0,0,0,0,17,49,,18,51,,43,71,,,53,74,,,3,2,,3,2,
,,,176220834008530_176483297315617,YA ESTÁ PUBLICADO EL TUTORIAL,1,,,,,,,,,,,,,,9466,9466,0,12617,12617,0,288,208,259,9,9,9717,7205,0,0,202,0,0,0,0,0,0,0,0,0,0,13,106,4,15,109,6,125,109,,,147,112,,,2,7,,2,7,
109037004060247_174928040804476,Descanse en paz,1,174928040804476_174928914137722,"Mi más sentido pésame, mis oraciones para que encuentren fortaleza y pronta resignación.🙏🙏",0,WTI5dGJXVnVkRjlqZAFhKemIzSTZANVGMwT1RJNE9URTBNVE0zTnpJeU9qRTFPVGszTlRZAek9UUT0ZD,WTI5dGJXVnVkRjlqZAFhKemIzSTZANVGMxTWpBd09URXdOemMzTVRnNU9qRTFPVGs0TkRjNU5EYz0ZD,,,,,,,,,,,,5737,5737,0,7700,7700,0,27,20,23,4,4,7209,5352,0,0,24,0,0,0,0,0,0,0,0,0,0,1,9,,1,9,,14,6,,,17,6,,,2,2,,2,2,
,,,174928040804476_174930157470931,Dios le de mucha fortaleza a Veronica Soto Mendez y su familia. ,0,,,,,,,,,,,,,,2052,2052,0,2530,2530,0,119,112,140,5,5,2305,1902,0,0,107,0,0,0,0,1339,1419,0,0,0,30393,,14,,,14,,112,,,,140,,,,3,2,,3,2,
,,,174928040804476_174930270804253,"Mi más sentido pésame Vero Soto!¡! Te mando un fuerte abrazo,",0,,,,,,,,,,,,,,9733,9733,0,13677,13677,0,336,227,287,12,12,10433,7691,0,0,222,0,0,0,0,0,0,0,0,0,0,28,126,9,29,128,11,110,139,,,141,146,,,4,8,,4,8,
,,,174928040804476_174938844136729,QEPD,0,,,,,,,,,,,,,,2497,2497,0,2910,2910,0,95,78,93,3,3,2670,2285,0,0,88,0,0,0,0,1056,1162,0,0,0,58238,,22,,,22,,77,4,,,88,5,,,,3,,,3,
,,,174928040804476_174945487469398,Mi más sentido pésame.,0,,,,,,,,,,,,,,7068,7068,0,9964,9964,0,131,98,123,4,4,8773,6278,0,0,106,0,0,0,0,0,0,0,0,0,0,11,40,1,12,41,1,40,65,,,52,71,,,1,3,,1,3,
,,,174928040804476_174953190801961,Lo siento mucho... Envío mi más sentido pésame para ella y para toda su amada familia!!! ✨\nDios los bendiga y les de consuelo en sus corazones ❤️🙏,0,,,,,,,,,,,,,,10539,10539,0,14367,14367,0,214,138,171,4,4,12721,9439,0,0,182,0,0,0,0,0,0,0,0,0,0,13,103,2,16,109,2,71,75,,,87,84,,,1,3,,1,3,
,,,174928040804476_174966314133982,Mi más sentido pésame 🙏🙏,0,,,,,,,,,,,,,,11752,11752,0,16225,16225,0,144,94,122,2,2,14196,10167,0,0,120,0,0,0,0,0,0,0,0,0,0,24,58,1,24,61,1,38,58,,,57,65,,,,2,,,2,
,,,174928040804476_175127280784552,Dios les de fortaleza y pronta resignación,0,,,,,,,,,,,,,,14685,14685,0,20533,20533,0,490,355,494,7,7,17068,12197,0,0,395,0,0,0,0,0,0,0,0,0,0,29,184,4,31,186,5,151,259,,,195,299,,,4,3,,4,3,
,,,174928040804476_175200900777190,Descanse en pas,0,,,,,,,,,,,,,,8126,8126,0,11223,11223,0,107,75,84,5,5,10044,7284,0,0,90,0,0,0,0,0,0,0,0,0,0,14,33,,15,36,,25,52,,,31,53,,,,5,,,5,
,,,174928040804476_175200910777189,Así sea ,0,,,,,,,,,,,,,,5674,5674,0,8003,8003,0,136,71,93,4,4,6803,4560,0,0,109,0,0,0,0,0,0,0,0,0,0,16,70,,16,74,,30,46,,,47,46,,,,4,,,4,
109037004060247_173110334319580,Leer Atentamente.,33,173110334319580_173110944319519,.,0,WTI5dGJXVnVkRjlqZAFhKemIzSTZANVGN6TVRFd09UUTBNekU1TlRFNU9qRTFPVGt4TkRjek56az0ZD,WTI5dGJXVnVkRjlqZAFhKemIzSTZANVGMyTWpNeE16STBNREEzTkRneE9qRTJNREF4T1RZAek5Eaz0ZD,,,,,,,,,,,,8992,8992,0,12012,12012,0,250,138,169,8,8,9852,7374,0,0,213,0,0,0,0,0,0,0,0,0,0,16,128,,16,130,,43,100,,,57,112,,,5,3,,5,3,
,,,173110334319580_173114624319151,Disculpen son otros libros? Por que ya nos dieron unos ,0,,,,,,,,,,,,,,110901,19866,90587,473312,28163,445149,3770,3444,4143,6,7,15331,8609,3844,537,169,0,0,0,0,0,0,0,0,0,0,42,314,19,43,329,26,286,3192,,,344,3799,,,1,2,4,1,2,3
,,,173110334319580_173120600985220,Yahir Leonardo ,0,,,,,,,,,,,,,,9335,9335,0,13166,13166,0,103,76,90,3,3,11838,8443,0,0,87,0,0,0,0,0,0,0,0,0,0,9,32,1,9,33,1,40,40,,,49,41,,,1,2,,1,2,
,,,173110334319580_173130834317530,una pregunta aparte de los que les entregaron les faltan mas libros ?,0,,,,,,,,,,,,,,8632,8632,0,12043,12043,0,157,86,102,5,5,9501,6680,0,0,118,0,0,0,0,0,0,0,0,0,0,22,80,1,23,81,1,29,59,,,36,66,,,3,2,,3,2,
,,,173110334319580_173177410979539,"Una disculpa, es para todos? Porque ya habían entregado y no nos comentaron que faltara mas libros o hubo gente que faltó de recibir libros?",0,,,,,,,,,,,,,,8737,8737,0,12192,12187,0,290,269,342,4,4,8550,6227,0,0,115,156,156,0,0,2121,2272,0,0,4394,38803,10,31,2,12,32,3,191,7,,108,220,9,,113,4,,,4,,
,,,173110334319580_173247150972565,Puro exalumnos sin padre verdad,0,,,,,,,,,,,,,,10205,10205,0,13907,13907,0,247,139,164,3,3,11016,8221,0,0,191,0,0,0,0,0,0,0,0,0,0,23,118,,23,126,,65,78,,,82,82,,,1,2,,1,2,
,,,173110334319580_176231204007493,4 de septiembre si septiembre ya paso,0,,,,,,,,,,,,,,7778,7778,0,10542,10542,0,101,68,85,2,2,9196,6796,0,0,81,0,0,0,0,0,0,0,0,0,0,14,32,,16,34,,26,44,,,38,47,,,2,,,2,,
,,,173110334319580_176231324007481,Sera 4 octubre o estoy ekibocada y apenas estamos en mayo,0,,,,,,,,,,,,,,1865,1865,0,2286,2286,0,216,171,246,2,2,2081,1686,0,0,209,0,0,0,0,468,479,0,0,0,269865,,73,,,73,,171,2,,,244,2,,,1,1,,1,1,
109037004060247_171643924466221,,3,171643924466221_171644464466167,Nosotros no pudimos entrar 3i,0,WTI5dGJXVnVkRjlqZAFhKemIzSTZANVGN4TmpRME5EWTBORFkyTVRZAM09qRTFPVGcyTmpBME5EST0ZD,WTI5dGJXVnVkRjlqZAFhKemIzSTZANVGN5TkRFNE9UQTNOekl5TURVMk9qRTFPVGc1TURFek9EST0ZD,,,,,222450205811439_229554618434331,ETA 16 Dolores Hidalgo,MjI5NTU0NjE4NDM0MzMxOjk6MAZDZD,MjI5NTU0NjE4NDM0MzMxOjk6MAZDZD,https://graph.facebook.com/v8.0/109037004060247_171643924466221/sharedposts?access_token=EAAI6zYHYg7MBAEuCcuy8EGZBuOgfOKEjjbfBufkAtrV4s3SDvxbmNRvflwxNdr0OHti5AP05rLT41BR7VqXfj4IKAx934ZCyNZAQZAlfq4rQ5fgoamEMPRnp8ZAuaA6ZCOf018U7eERrf1zAsIbZApFc2ZB6ZBTMzZC3PCNgWgjrj4iOw9PRdxTiXi6ex3FWbrjPsZD&fields=id%2Cmessage%2Cname&limit=25&after=MjI5NTU0NjE4NDM0MzMxOjk6MAZDZD,,,10637,10637,0,15082,15082,0,222,134,154,4,4,12544,8852,0,0,187,0,0,0,0,0,0,0,0,0,0,23,106,,23,106,,72,66,,,84,70,,,3,1,,3,1,
,,,171643924466221_171645294466084,"Desde 5:50 llegué al grupo y no enlazaba... Al parecer se saturó, ojalá no pase lo mismo con las clases.",1,,,,,,,,,,,,,,5178,5178,0,7182,7182,0,83,55,64,0,0,6401,4425,0,0,75,0,0,0,0,0,0,0,0,0,0,6,34,1,6,35,1,32,24,,,39,25,,,,,,,,
,,,171643924466221_171646804465933,"Yo no pude entrar, soy de 2h",0,,,,,,,,,,,,,,10097,10097,0,13707,13707,0,214,130,173,2,2,11342,8438,0,0,162,0,0,0,0,0,0,0,0,0,0,23,106,6,23,112,6,72,71,,,100,73,,,,2,,,2,
,,,171643924466221_171647544465859,No se escucho nada,1,,,,,,,,,,,,,,7076,7076,0,9812,9812,0,143,93,107,5,5,8559,6294,0,0,119,0,0,0,0,0,0,0,0,0,0,13,50,,14,52,,26,72,,,33,74,,,5,,,5,,
,,,171643924466221_171649001132380,Yo no entre ahora como le ago,0,,,,,,,,,,,,,,5242,5242,0,7074,7074,0,92,62,79,3,3,6467,4616,0,0,86,0,0,0,0,0,0,0,0,0,0,4,37,,4,43,,38,29,,,46,33,,,1,2,,1,2,
,,,171643924466221_171651541132126,Tampoco pude entrar me botaba mi hijo es de 3°H,0,,,,,,,,,,,,,,17667,17667,0,24021,24021,0,433,298,359,4,4,18753,13881,0,0,350,0,0,0,0,0,0,0,0,0,0,49,170,2,52,178,3,103,213,,,138,221,,,2,2,,2,2,
,,,171643924466221_171658457798101,Martin Lara Martinez.2 D.,1,,,,,,,,,,,,,,7562,7562,0,10261,10261,0,123,83,93,3,3,9120,6796,0,0,109,0,0,0,0,0,0,0,0,0,0,9,39,,10,41,,26,59,,,30,63,,,2,1,,2,1,
,,,171643924466221_171667471130533,Yo tampoco la mía era de primero 1c y de ven de entender que a muchos se nos va el internet y dicen que si se salen reprueban no lo creo justo entonces si se me va el internet cuando mi hija esté en línea ya la van a repobrar,3,,,,,,,,,,,,,,1865,1865,0,2235,2235,0,108,95,114,0,0,2046,1702,0,0,99,0,0,0,0,1277,1371,0,0,0,30393,,17,,,19,,95,3,,,111,3,,,,,,,,
,,,171643924466221_171667817797165,Deben de ver eso yo vivo en los pinos no sé si alguien más viva para aya pero se está llendo mucho la señal de cable internet los canales también se va la señal y de rato regresa,1,,,,,,,,,,,,,,6679,6679,0,8898,8898,0,92,56,74,2,2,8075,6005,0,0,82,0,0,0,0,0,0,0,0,0,0,7,41,1,7,42,1,27,34,,,38,36,,,1,1,,1,1,
,,,171643924466221_172165584414055,Mi sobrino no supieron de la reunion .es del grupo G,0,,,,,,,,,,,,,,8984,8984,0,11637,11637,0,147,77,101,3,3,9744,7351,0,0,122,0,0,0,0,0,0,0,0,0,0,21,73,,21,77,,39,47,,,54,47,,,,3,,,3,
,,,171643924466221_172418907722056,Yo no supe a q hora,0,,,,,,,,,,,,,,6381,6381,0,8663,8663,0,111,56,65,5,6,7540,5474,0,0,98,0,0,0,0,0,0,0,0,0,0,12,67,,12,68,,32,25,,,38,27,,,4,2,,4,2,
109037004060247_345024349869123,"Si no pudiste entrar a la reunión en las salas, esta es una transmisión en vivo de lo que trataron.",45,345024349869123_345028063202085,Buenas tardes,0,MjM3,MjEz,,,,49,222450205811439_229552398434553,ETA 16 Dolores Hidalgo,MjI5NTUyMzk4NDM0NTUzOjk6MAZDZD,OTI2MzUxNTI0NTE3NzA0Ojk6MAZDZD,https://graph.facebook.com/v8.0/109037004060247_345024349869123/sharedposts?access_token=EAAI6zYHYg7MBAEuCcuy8EGZBuOgfOKEjjbfBufkAtrV4s3SDvxbmNRvflwxNdr0OHti5AP05rLT41BR7VqXfj4IKAx934ZCyNZAQZAlfq4rQ5fgoamEMPRnp8ZAuaA6ZCOf018U7eERrf1zAsIbZApFc2ZB6ZBTMzZC3PCNgWgjrj4iOw9PRdxTiXi6ex3FWbrjPsZD&fields=id%2Cmessage%2Cname&limit=25&after=OTI2MzUxNTI0NTE3NzA0Ojk6MAZDZD,https://graph.facebook.com/v8.0/109037004060247_345024349869123/comments?access_token=EAAI6zYHYg7MBAEuCcuy8EGZBuOgfOKEjjbfBufkAtrV4s3SDvxbmNRvflwxNdr0OHti5AP05rLT41BR7VqXfj4IKAx934ZCyNZAQZAlfq4rQ5fgoamEMPRnp8ZAuaA6ZCOf018U7eERrf1zAsIbZApFc2ZB6ZBTMzZC3PCNgWgjrj4iOw9PRdxTiXi6ex3FWbrjPsZD&fields=id%2Clive_broadcast_timestamp%2Cmessage%2Clike_count%2Creactions&limit=25&after=MjEz,,25446,25446,0,35238,35238,0,649,490,600,10,11,12940,9068,0,0,352,0,0,0,0,0,0,0,0,0,0,50,201,7,52,203,8,230,296,,,286,314,,,4,7,,4,6,
,,,345024349869123_345035843201307,"Gracias compañeras!!😊 Padres de familia estamos en la mejor disposición, para asesorarlos ante cualquier duda e inquietud. ",0,,,,,,557,318732865852697_326632988396018,ETA 16 Dolores Hidalgo,,,,,,10281,10281,0,13660,13660,0,283,215,269,5,5,11436,8529,0,0,229,0,0,0,0,0,0,0,0,0,0,19,94,4,19,95,4,93,143,,,115,154,,,1,4,,1,4,
,,,345024349869123_345029709868587,La guata,0,,,,,,202,1535428483304839_1545371275643893,ETA 16 Dolores Hidalgo,,,,,,5623,5623,0,7717,7717,0,113,73,95,1,1,6781,4754,0,0,101,0,0,0,0,0,0,0,0,0,0,11,51,1,12,55,2,28,50,,,38,57,,,,1,,,1,
,,,345024349869123_345033459868212,Fátima Amairani Márquez Juárez 3.C turno matutino ,0,,,,,,391,630607787873066_639234990343679,ETA 16 Dolores Hidalgo,,,,,,10369,10369,0,14057,14057,0,243,169,208,7,8,11889,8826,0,0,215,0,0,0,0,0,0,0,0,0,0,26,82,1,27,82,1,62,124,,,85,123,,,2,6,,2,5,
,,,345024349869123_345029206535304,Emiliano cortes tapia,0,,,,,,140,674885190040434_684041759124777,ETA 16 Dolores Hidalgo,,,,,,5699,5699,0,7460,7460,0,70,40,48,5,7,6666,5151,0,0,58,0,0,0,0,0,0,0,0,0,0,6,39,,6,41,,20,21,,,25,23,,,4,3,,3,3,
,,,345024349869123_345035566534668,Hasta cuando volvemos?,0,,,,,,642,760430431166607_768494423693541,ETA 16 Dolores Hidalgo,,,,,,13381,13381,0,19583,19583,0,194,134,149,4,5,8119,5908,0,0,73,0,0,0,0,0,0,0,0,0,0,21,54,1,23,57,1,51,13,75,,57,13,79,,2,3,,2,2,
,,,345024349869123_345029549868603,Que va a ver,0,,,,,,170,917681015384755_926351524517704,ETA 16 Dolores Hidalgo,,,,,,8071,8071,0,10655,10655,0,100,63,71,6,6,9715,7409,0,0,90,0,0,0,0,0,0,0,0,0,0,7,41,,7,44,,33,32,,,38,33,,,3,3,,3,3,
,,,345024349869123_345031426535082,César Arnulfo Barrientos Barrón 2H,0,,,,,,289,,,,,,,,7954,7954,0,10778,10778,0,173,98,148,4,4,9344,6880,0,0,135,0,0,0,0,0,0,0,0,0,0,15,91,3,17,91,6,46,29,34,,59,30,59,,,4,,,4,
,,,345024349869123_345035046534720,Los de primero y segundo no saben lo que les espera,0,,,,,,617,,,,,,,,6431,6431,0,8795,8795,0,96,52,62,3,3,7895,5804,0,0,83,0,0,0,0,0,0,0,0,0,0,8,52,1,8,54,1,26,28,,,31,31,,,3,,,3,,
,,,345024349869123_345029259868632,Ya extrañaba estás madres,0,,,,,,147,,,,,,,,5865,5865,0,7861,7861,0,89,59,65,2,2,7072,5345,0,0,80,0,0,0,0,0,0,0,0,0,0,10,34,,11,34,,35,26,,,39,26,,,2,,,2,,
,,,345024349869123_345033029868255,Mariana gonsalez garcia 3G ...juan Manuel González garcia 1H precentes,0,,,,,,468,,,,,,,,7471,7471,0,10485,10485,0,145,73,91,3,3,8525,6214,0,0,115,0,0,0,0,0,0,0,0,0,0,19,77,1,21,78,1,36,41,,,44,47,,,3,,,3,,
,,,345024349869123_345031289868429,Presente David Sánchez 2c,0,,,,,,338,,,,,,,,9231,9231,0,12533,12533,0,176,122,147,3,3,10379,7595,0,0,141,0,0,0,0,0,0,0,0,0,0,19,68,1,22,70,1,86,48,,,96,51,,,1,2,,1,2,
,,,345024349869123_345031743201717,Oscar Ulises González Rodríguez 3 E,0,,,,,,362,,,,,,,,15462,15462,0,21937,21937,0,693,497,585,15,15,16862,11914,0,0,564,0,0,0,0,0,0,0,0,0,0,40,242,8,43,243,9,216,319,,,249,336,,,7,8,,7,8,
,,,345024349869123_345031276535097,José Dimas Herrera Mendiola 1.E y Alondra Marlene Herrera Mendiola 3D,0,,,,,,335,,,,,,,,7726,7726,0,11214,11214,0,76,41,48,1,1,10174,7006,0,0,67,0,0,0,0,0,0,0,0,0,0,6,40,3,8,42,4,18,25,,,21,27,,,,1,,,1,
,,,345024349869123_345031756535049,Cristian Daniel Palomares Loyola 1 g,0,,,,,,350,,,,,,,,8607,8607,0,12120,12120,0,451,393,578,3,3,9446,6917,0,0,342,547,616,0,0,4010,5202,0,0,4465,30393,30,72,2,37,86,2,305,7,,173,388,7,,183,2,1,,2,1,
,,,345024349869123_345033549868203,Marely Mendez 2°J presente,0,,,,,,493,,,,,,,,7469,7469,0,10648,10648,0,132,101,123,3,3,9260,6655,0,0,113,0,0,0,0,0,0,0,0,0,0,13,37,,16,39,,22,86,,,34,89,,,2,1,,2,1,
,,,345024349869123_345031593201732,Samuel Eli Fabián García 1b y Edgar Josué Fabián García 3b,0,,,,,,339,,,,,,,,9995,9995,0,13694,13694,0,278,225,327,2,2,9414,6971,0,0,129,92,97,0,0,2598,2699,0,0,6629,105427,23,70,4,25,74,4,125,9,,132,164,9,,154,1,1,,1,1,
,,,345024349869123_345031206535104,Juan Pablo Moreno Ramírez 1h,0,,,,,,309,,,,,,,,11512,11512,0,15723,15723,0,448,277,331,6,7,12619,9218,0,0,337,0,0,0,0,0,0,0,0,0,0,31,215,3,33,228,3,125,169,,,152,179,,,2,5,,2,4,
,,,345024349869123_345032999868258,Edgar leonardo Rodriguez Valenzuela 3 L,0,,,,,,451,,,,,,,,14337,14337,0,20445,20445,0,299,201,246,6,6,15214,10918,0,0,196,0,0,0,0,0,0,0,0,0,0,20,107,8,22,115,13,101,110,,,131,115,,,2,4,,2,4,
,,,345024349869123_345033073201584,Morán Torres Schoenstatt 3 B,0,,,,,,458,,,,,,,,9499,9499,0,14001,14001,0,144,100,140,6,6,12629,8580,0,0,131,0,0,0,0,0,0,0,0,0,0,12,60,2,14,65,3,49,66,,,67,73,,,2,4,,2,4,
,,,345024349869123_345029426535282,Ya no boy en la eta pero quiero saber el chime jaajaj,0,,,,,,158,,,,,,,,2291,2291,0,2866,2866,0,180,141,186,3,3,2642,2138,0,0,168,0,0,0,0,0,0,0,0,0,0,,55,,8,55,,116,31,12,,141,33,12,,1,2,,1,2,
,,,345024349869123_345031846535040,Presente cruz Berenice Vargas Granados de 1A,0,,,,,,320,,,,,,,,6077,6077,0,8291,8291,0,110,78,89,2,2,7488,5582,0,0,98,0,0,0,0,0,0,0,0,0,0,5,34,,6,35,,24,58,,,31,58,,,2,,,2,,
,,,345024349869123_345029773201914,La gunta,0,,,,,,206,,,,,,,,8771,8771,0,12603,12603,0,140,94,127,4,4,9562,6922,0,0,88,0,0,0,0,0,0,0,0,0,0,12,55,1,13,57,1,55,49,,,74,53,,,3,1,,3,1,
,,,345024349869123_345028913202000,No sepudo entrar alas 6:00,0,,,,,,115,,,,,,,,4626,4626,0,7508,7508,0,100,85,106,1,1,7125,4391,0,0,87,0,0,0,0,656,691,0,0,0,161513,,23,1,,23,2,83,6,,,100,6,,,,1,,,1,
,,,345024349869123_345034333201458,Juan Raziel González Lugo 1_H,0,,,,,,551,,,,,,,,11640,11640,0,23705,23705,0,220,143,194,3,3,17926,9025,0,0,149,0,0,0,0,0,0,0,0,0,0,25,93,8,27,93,9,74,87,,,98,96,,,,3,,,3,
109037004060247_171358677828079,"Somos Innovación, Somos Tecnología, Somos Venados, Somos EST 16.",37,171358677828079_171514197812527,.,0,WTI5dGJXVnVkRjlqZAFhKemIzSTZANVGN4TlRFME1UazNPREV5TlRJM09qRTFPVGcyTVRZAd09UWT0ZD,WTI5dGJXVnVkRjlqZAFhKemIzSTZANVGN5TlRjM01UQTBNemN5T1RBek9qRTFPVGc1TmpVeU1UZAz0ZD,,,,10,,,,,,,,11146,11146,0,22143,22143,0,181,126,153,5,5,17256,9241,0,0,131,0,0,0,0,0,0,0,0,0,0,20,59,,22,62,,43,87,,,56,97,,,1,4,,1,4,
,,,171358677828079_171521327811814,Gracias.,0,,,,,,353,,,,,,,,8351,8351,0,16177,16177,0,151,99,115,5,5,14823,7535,0,0,135,0,0,0,0,0,0,0,0,0,0,12,59,,12,59,,30,73,,,35,80,,,2,3,,2,3,
,,,171358677828079_171525401144740,Buenos días podrían mandar indicaciones para entrar el lunes a clases en línea por favor,0,,,,,,0,,,,,,,,3108,3108,0,5501,5501,0,38,26,27,4,4,5066,2847,0,0,34,0,0,0,0,0,0,0,0,0,0,2,19,,2,20,,11,15,,,12,15,,,1,3,,1,3,
,,,171358677828079_171527821144498,,0,,,,,,321,,,,,,,,8111,8111,0,14160,14160,0,268,155,194,3,3,11805,6794,0,0,225,0,0,0,0,0,0,0,0,0,0,25,127,3,26,129,3,55,120,,,63,131,,,1,2,,1,2,
,,,171358677828079_171535071143773,Gracias por ayudarnos a conocer al personal.,0,,,,,,0,,,,,,,,12158,12158,0,23392,23392,0,174,109,136,4,4,16509,8779,0,0,95,0,0,0,0,0,0,0,0,0,0,23,70,2,24,72,2,70,50,,,83,53,,,2,2,,2,2,
,,,171358677828079_171539667809980,Exelente muy bonita presentación felicidades 👋👋🎓💻📚📓,1,,,,,,0,,,,,,,,5133,5133,0,9039,9039,0,111,84,102,1,1,8599,4674,0,0,99,0,0,0,0,795,834,0,0,0,60478,,34,,,34,,83,4,,,98,4,,,,1,,,1,
,,,171358677828079_171550107808936,,0,,,,,,0,,,,,,,,6832,6832,0,12950,12950,0,115,69,97,4,4,11832,6193,0,0,98,0,0,0,0,0,0,0,0,0,0,10,52,3,12,53,5,29,43,,,52,45,,,2,2,,2,2,
,,,171358677828079_171550554475558,Gracias,0,,,,,,184,,,,,,,,23445,23445,0,42659,42659,0,1117,809,947,14,14,30821,17183,0,0,896,0,0,0,0,0,0,0,0,0,0,72,420,3,76,424,3,220,638,,,277,670,,,8,6,,8,6,
,,,171358677828079_171595031137777,Gracias,0,,,,,,0,,,,,,,,11108,11108,0,19637,19637,0,218,119,135,4,4,17347,9773,0,0,184,0,0,0,0,0,0,0,0,0,0,16,110,1,17,114,2,53,72,,,62,73,,,2,2,,2,2,
,,,171358677828079_171607091136571,Gracias,0,,,,,,10,,,,,,,,8386,8386,0,14240,14240,0,89,66,79,7,7,13079,7617,0,0,77,0,0,0,0,0,0,0,0,0,0,8,36,1,8,39,1,34,35,,,42,37,,,4,3,,4,3,
,,,171358677828079_171633364467277,Hola buenas tardes como entro ala video llamada,0,,,,,,1,,,,,,,,4487,4487,0,8837,8837,0,114,74,101,0,0,5840,2988,0,0,51,0,0,0,0,0,0,0,0,0,0,12,39,7,12,41,9,58,20,,,81,20,,,,,,,,
,,,171358677828079_171636677800279,Disculpen si va a empezar la reunión o no?,0,,,,,,0,,,,,,,,8505,8505,0,15192,15192,0,111,68,78,6,6,13369,7549,0,0,92,0,0,0,0,0,0,0,0,0,0,16,43,,17,45,,25,47,,,28,50,,,3,3,,3,3,
,,,171358677828079_171639161133364,Gracias,0,,,,,,328,,,,,,,,8270,8270,0,15191,15191,0,87,51,58,1,1,13830,7515,0,0,76,0,0,0,0,0,0,0,0,0,0,11,34,1,11,37,2,21,32,,,24,34,,,,1,,,1,
,,,171358677828079_172208307743116,Acabo de entrar alguien sabe algo sobre el grupo de 1 g o hay algún grupo para que me meta porfabor no e sabido nada sobre las clases porfa respondan,1,,,,,,27,,,,,,,1.09E+14,8994,8994,0,15771,15771,0,103,55,67,3,3,12849,7056,0,0,75,0,0,0,0,0,0,0,0,0,0,12,53,,15,54,,32,26,,,40,27,,,1,2,,1,2,
,,,171358677828079_172385001058780,Hola buenas tardes me pueden ayudar alguien sabe algo del grupo 2 i,0,,,,,,72,,,,,,,,9475,9475,0,17321,17321,0,127,90,112,7,7,13705,7687,0,0,67,0,0,0,0,0,0,0,0,0,0,6,43,,7,44,,80,13,,,99,13,,,4,3,,4,3,
,,,171358677828079_172397457724201,Buenas tardes.. podrían decirme como será la clase de hoy xfavor.. para el grupo de 1.º L,0,,,,,,0,,,,,,,,9539,9539,0,17229,17229,0,167,93,110,7,7,15127,8483,0,0,140,0,0,0,0,0,0,0,0,0,0,14,84,2,14,85,2,48,50,,,58,52,,,5,2,,5,2,
,,,171358677828079_172441107719836,Al gien me puede ayudar como puedo en trar alas clases virtuales de 1a,0,,,,,,3,,,,,,,,11337,11337,0,20859,20859,0,208,161,189,7,7,15902,8869,0,0,104,0,0,0,0,0,0,0,0,0,0,16,58,2,16,59,2,101,22,43,,116,23,50,,1,6,,1,6,
,,,171358677828079_172577057706241,Buenos días como entro a mi clase,0,,,,,,21,,,,,,,,12506,12506,0,22310,22310,0,300,197,238,9,9,19417,10658,0,0,247,0,0,0,0,0,0,0,0,0,0,24,116,4,27,117,4,80,132,,,101,137,,,4,5,,4,5,
,,,171358677828079_172577104372903,Alguien me puede ayudar,0,,,,,,37,,,,,,,,7902,7902,0,14338,14338,0,135,94,106,2,2,12149,6778,0,0,114,0,0,0,0,0,0,0,0,0,0,7,49,,11,50,,24,75,,,27,79,,,,2,,,2,
109037004060247_171124211184859,,81,171124211184859_171124841184796,Mary Ramirez Lupita Ramirez,2,WTI5dGJXVnVkRjlqZAFhKemIzSTZANVGN4TVRJME9EUXhNVGcwTnprMk9qRTFPVGcwTnpjME5UUT0ZD,WTI5dGJXVnVkRjlqZAFhKemIzSTZANVGN4TVRNeE9EVTNPRFV3TnpZAeE9qRTFPVGcwT0RBM01EZAz0ZD,,,,,917681015384755_925397884613068,ETA 16 Dolores Hidalgo,OTI1Mzk3ODg0NjEzMDY4Ojk6MAZDZD,NjM4MzUzMjg3MDk4NTE2Ojk6MAZDZD,https://graph.facebook.com/v8.0/109037004060247_171124211184859/sharedposts?access_token=EAAI6zYHYg7MBAEuCcuy8EGZBuOgfOKEjjbfBufkAtrV4s3SDvxbmNRvflwxNdr0OHti5AP05rLT41BR7VqXfj4IKAx934ZCyNZAQZAlfq4rQ5fgoamEMPRnp8ZAuaA6ZCOf018U7eERrf1zAsIbZApFc2ZB6ZBTMzZC3PCNgWgjrj4iOw9PRdxTiXi6ex3FWbrjPsZD&fields=id%2Cmessage%2Cname&limit=25&after=NjM4MzUzMjg3MDk4NTE2Ojk6MAZDZD,https://graph.facebook.com/v8.0/109037004060247_171124211184859/comments?access_token=EAAI6zYHYg7MBAEuCcuy8EGZBuOgfOKEjjbfBufkAtrV4s3SDvxbmNRvflwxNdr0OHti5AP05rLT41BR7VqXfj4IKAx934ZCyNZAQZAlfq4rQ5fgoamEMPRnp8ZAuaA6ZCOf018U7eERrf1zAsIbZApFc2ZB6ZBTMzZC3PCNgWgjrj4iOw9PRdxTiXi6ex3FWbrjPsZD&fields=id%2Clive_broadcast_timestamp%2Cmessage%2Clike_count%2Creactions&limit=25&after=WTI5dGJXVnVkRjlqZAFhKemIzSTZANVGN4TVRNeE9EVTNPRFV3TnpZAeE9qRTFPVGcwT0RBM01EZAz0ZD,,8704,8704,0,13650,13650,0,147,86,104,3,4,12022,7650,0,0,125,0,0,0,0,0,0,0,0,0,0,15,72,1,15,72,1,37,57,,,47,57,,,1,3,,1,2,
,,,171124211184859_171125537851393,"Enterada, gracias.",0,,,,,,,1535428483304839_1544373279077026,ETA 16 Dolores Hidalgo,,,,,,8454,8454,0,12192,12192,0,199,175,227,5,5,9770,6832,0,0,88,0,0,0,0,0,0,0,0,0,0,4,32,5,4,33,7,168,16,,,211,16,,,3,2,,3,2,
,,,171124211184859_171125927851354,Gracias ,0,,,,,,,760430431166607_767662190443431,ETA 16 Dolores Hidalgo,,,,,,7727,7727,0,10713,10713,0,114,75,90,4,4,9639,6987,0,0,95,0,0,0,0,0,0,0,0,0,0,8,47,,8,48,,27,56,,,33,57,,,2,2,,2,2,
,,,171124211184859_171126047851342,Tadeo,0,,,,,,,674885190040434_683109619217991,ETA 16 Dolores Hidalgo,,,,,,9320,9320,0,12830,12830,0,182,92,112,9,9,11159,8344,0,0,141,0,0,0,0,0,0,0,0,0,0,14,95,6,14,100,9,46,51,,,60,52,,,1,8,,1,8,
,,,171124211184859_171126084518005,gracias,0,,,,,,,222450205811439_228805435175916,ETA 16 Dolores Hidalgo,,,,,,9868,9868,0,13700,13700,0,146,94,118,7,7,12168,8801,0,0,115,0,0,0,0,0,0,0,0,0,0,14,68,2,15,73,2,37,20,46,,49,21,48,,2,5,,2,5,
,,,171124211184859_171126241184656,"Enterada, muchas gracias!!! ✨🌷",0,,,,,,,630607787873066_638353287098516,ETA 16 Dolores Hidalgo,,,,,,8858,8858,0,12419,12419,0,170,136,173,11,11,9692,7197,0,0,89,0,0,0,0,0,0,0,0,0,0,5,50,4,7,53,5,109,34,1,,135,37,1,,5,6,,5,6,
,,,171124211184859_171126584517955,Marivel Mellado,0,,,,,,,,,,,,,,6836,6836,0,9447,9447,0,106,57,72,3,4,8673,6323,0,0,92,0,0,0,0,0,0,0,0,0,0,7,60,2,9,61,2,33,1,26,,43,1,28,,,4,,,3,
,,,171124211184859_171126611184619,Gabriel Godinez,0,,,,,,,,,,,,,,10374,10374,0,13703,13703,0,192,100,123,6,6,11329,8563,0,0,133,0,0,0,0,0,0,0,0,0,0,26,94,2,26,97,2,67,39,,,80,43,,,3,3,,3,3,
,,,171124211184859_171126877851259,Enterada gracias buena tarde,0,,,,,,,,,,,,,,11518,11518,0,15689,15689,0,226,147,193,2,2,13780,10219,0,0,162,0,0,0,0,0,0,0,0,0,0,17,106,3,17,111,8,80,73,,,116,77,,,1,1,,1,1,
,,,171124211184859_171126897851257,Gracias,0,,,,,,,,,,,,,,15181,15181,0,20519,20519,0,469,280,340,6,6,16061,11926,0,0,353,0,0,0,0,0,0,0,0,0,0,42,233,5,43,234,5,127,180,,,156,184,,,3,3,,3,3,
,,,171124211184859_171127304517883,Enterada gracias,0,,,,,,,,,,,,,,7046,7046,0,9705,9705,0,55,34,42,2,2,9024,6558,0,0,43,0,0,0,0,0,0,0,0,0,0,5,27,,5,28,,31,3,,,38,4,,,1,1,,1,1,
,,,171124211184859_171127504517863,Gracias,0,,,,,,,,,,,,,,5792,5792,0,7850,7850,0,80,48,69,3,3,7290,5434,0,0,70,0,0,0,0,0,0,0,0,0,0,8,44,,8,47,,30,19,,,47,22,,,1,2,,1,2,
,,,171124211184859_171127531184527,Gracias.,0,,,,,,,,,,,,,,,,,,,,,,,,,,,,,,,,,,,,,,,,,,,,,,,,,,,,,,,,,,,
,,,171124211184859_171127624517851,gracias!,0,,,,,,,,,,,,,,,,,,,,,,,,,,,,,,,,,,,,,,,,,,,,,,,,,,,,,,,,,,,
,,,171124211184859_171127797851167,Muy bien gracias!,0,,,,,,,,,,,,,, why put any sustaining investment in it? And if we do get value from it, then we will invest in it, they will invest in creating this thing, they will be sustained, but that ultimately will be shaped by a balance between the utility we get and the implication that that utility has on other aspects of lifeâ€¦ even now, with some of the discourses occurring in the use of smartphones. Weâ€™re recognizing that all of the advantages and benefits and utility that we get from smartphones, come at a cost, which is: neck strain, a lot of broken relationships, lack of good conversation at dinner tables, and stuff like that. So I think there will be a bit of a reconciliation of that, and weâ€™ll see that be tempered into some sort of equilibrium.,,,,,,,,,,,,,,,,,,,,,,,,,,,,,,,,,,
,,,171124211184859_171128114517802,Muchas gracias x la información,0,,,,,,,,,,,,,,,,,,,,,,,,,,,,,,,,,,,,,,,,,,,,,,,,,,,,,,,,,,,
,,,171124211184859_171128134517800,Gracias por la información,0,,,,,,,,,,,,,,,,,,,,,,,,,,,,,,,,,,,,,,,,,,,,,,,,,,,,,,,,,,,
,,,171124211184859_171128547851092,Gracias,0,,,,,,,,,,,,,, a little better, a little better, doing that thing that is that thing you do best.â€ Do you think, on that team, there was ever any doubt that eventually the machine would win or was it an open question at one point?,,,,,,,,,,,,,,,,,,,,,,,,,,,,,,,,,,,,,,,,,
,,,171124211184859_171128617851085,Enterado Luis Raúl Pérez Camacho,0,,,,,,,,,,,,,, it did look like it was going to lose. It actually got behind significantly. Of course on the third day, it came back and some of that is just simply due to the varying ability of the human experience. How good were the players, the contestants on that day, what were the topics that were coming up in subject, and how well were they in line with what they knew?  And even though Watson had ingested 200 million pages of literature, that didnâ€™t mean that it knew everything. Even Watson has some limitations. I think even then there was some doubt. It achieved about 83-85% accuracy, which put it right there in what we call the Winnerâ€™s Cloud. Which gave it a really good fighting chance and I think if we were to build the technology again using modern technique, it mightâ€™ve even been a little bit better.,,,,,,,,,,,,,,,,,,,,,,,,,,,,,,,,,,,,,,
,,,171124211184859_171128921184388,Enterada gracias.,0,,,,,,,,,,,,,,,,,,,,,,,,,,,,,,,,,,,,,,,,,,,,,,,,,,,,,,,,,,,
,,,171124211184859_171128984517715,Gricelda Rodrigues Morales,0,,,,,,,,,,,,,,,,,,,,,,,,,,,,,,,,,,,,,,,,,,,,,,,,,,,,,,,,,,,
,,,171124211184859_171129354517678,Gracias,0,,,,,,,,,,,,,, because it was simply deriving that from what was available in the literature.,,,,,,,,,,,,,,,,,,,,,,,,,,,,,,,,,,,,,,,,,,,,,
,,,171124211184859_171130051184275,Gracias,0,,,,,,,,,,,,,, â€œYeah, they can kind of beat us at anything.â€,,,,,,,,,,,,,,,,,,,,,,,,,,,,,,,,,,,,,,,,,,,,
,,,171124211184859_171131764517437,Gracias,0,,,,,,,,,,,,,, we find that even the rules themselves have interpretations. Thereâ€™s judgments being applied to that and even then, those judgments can change over time depending on who youâ€™re dealing with, or the circumstances. Thatâ€™s why we have a court system,  a Supreme Court system -- their responsibility basically is to interpret the meaning behind the rules, the laws of the Constitution. So it just goes to show that those kinds of games, while certainly, I think itâ€™s every indication that computing systems will be able to exceed at those kinds of games, we should recognize them for what they are. Theyâ€™re just games.,,,,,,,,,,,,,,,,,,,,,,,,,,,,,,,,,,,,,,
,,,171124211184859_171131857850761,Julia Rivas,1,,,,,,,,,,,,,,,,,,,,,,,,,,,,,,,,,,,,,,,,,,,,,,,,,,,,,,,,,,,
109037004060247_170622701235010,"ATENCIÓN\n\nOpciones para ver Aprende TV por todos los medios.\n\nSí es diario, Sí es obligatorio y durante la semana publicaremos más detalles respecto a formas de trabajo, materiales, etc. \n\nLes recordamos que son canales nacionales, la disponibilidad de los mismos no depende de nosotros, es por disposición oficial de la SEP y nosotros nos encontramos buscando soluciones a todas sus dudas e inquietudes.\n\nVía Internet por Youtube: https://youtu.be/0VyADISvWw8",68,170622701235010_170623424568271,Dante Vázquez,0,WTI5dGJXVnVkRjlqZAFhKemIzSTZANVGN3TmpJek5ESTBOVFk0TWpjeE9qRTFPVGd6TURJd056az0ZD,WTI5dGJXVnVkRjlqZAFhKemIzSTZANVGN4TmpNMk56TTBORFkyT1RRd09qRTFPVGcyTlRjM01Eaz0ZD,,,,,917681015384755_923099341509589,ETA 16 Dolores Hidalgo,OTIzMDk5MzQxNTA5NTg5Ojk6MAZDZD,NjM2MTU4NTczOTg0NjU0Ojk6MAZDZD,https://graph.facebook.com/v8.0/109037004060247_170622701235010/sharedposts?access_token=EAAI6zYHYg7MBAEuCcuy8EGZBuOgfOKEjjbfBufkAtrV4s3SDvxbmNRvflwxNdr0OHti5AP05rLT41BR7VqXfj4IKAx934ZCyNZAQZAlfq4rQ5fgoamEMPRnp8ZAuaA6ZCOf018U7eERrf1zAsIbZApFc2ZB6ZBTMzZC3PCNgWgjrj4iOw9PRdxTiXi6ex3FWbrjPsZD&fields=id%2Cmessage%2Cname&limit=25&after=NjM2MTU4NTczOTg0NjU0Ojk6MAZDZD,,, is in the depth of the kinds of conversations that people can create with these conversational agents, these conversational services. Specifically, where thereâ€™s a lot of interest and a lot of focus right now is how, in a conversational agent, we can move beyond simply answering the question asked or performing the task that was expressed, to beginning to get behind the problem. To get to the thing that led to that question.,,,,,,,,,,,,,,,,,,,,,,,,,,,,,,,,,,,,,,,,
,,,170622701235010_170623571234923,Muchas gracias,0,,,,,,,1535428483304839_1541850235995997,ETA 16 Dolores Hidalgo,,,,,,,,,,,,,,,,,,,,,,,,,,,,,,,,,,,,,,,,,,,,,,,,,,,
,,,170622701235010_170624814568132,Como lo buscamos en YouTube,0,,,,,,,760430431166607_765457250663925,ETA 16 Dolores Hidalgo,,,,,,,,,,,,,,,,,,,,,,,,,,,,,,,,,,,,,,,,,,,,,,,,,,,
,,,170622701235010_170626894567924,"Entonces no se llevará a cabo en el horario antes marcado? Porque a las 10 am pasaron ""Artes"" o a partir de ahorita sí inician según el horario publicado?",1,,,,,,,674885190040434_680859029443050,ETA 16 Dolores Hidalgo,,,,,,,,,,,,,,,,,,,,,,,,,,,,,,,,,,,,,,,,,,,,,,,,,,,
,,,170622701235010_170630881234192,"Muy amables, gracias",0,,,,,,,318732865852697_323696495356334,ETA 16 Dolores Hidalgo,,,,,, for example? Or in some county, or city council meeting. Those kinds of knowledge sources which we as humans rely on heavily, we wonâ€™t hesitate to go look up in the newspaper and use an article that we found there to quickly judge whether somebody is going to be affected by that. Or if thereâ€™s a discussion at city council about some new water treatment plant being created, then we know that itâ€™s going to have some kind of economic impact on the businesses and the residents in the area immediately surrounding that water treatment plant. Now, using these cognitive systems, using natural language understanding and being able to evaluate the relationships between different entities, weâ€™re beginning to focus that, factor that in to some of these investment decisions.,,,,,,,,,,,,,,,,,,,,,,,,,,,,,,,,,,,,,,
,,,170622701235010_170631631234117,Busque en en la página y está en lo de 2do\nAhí dice que de 4 a 7 es de primero,0,,,,,,,222450205811439_226937128696080,ETA 16 Dolores Hidalgo,,,,,, buried somewhere in the data in their organization, or not? ,,,,,,,,,,,,,,,,,,,,,,,,,,,,,,,,,,,,,,,,,,,,
,,,170622701235010_170632027900744,Buenas tardes. Soy. Omar Robledo. Entonces si se tiene que ver las clases. Que se están trasmitiendo.,0,,,,,,,630607787873066_636158573984654,ETA 16 Dolores Hidalgo,,,,,,,,,,,,,,,,,,,,,,,,,,,,,,,,,,,,,,,,,,,,,,,,,,,
,,,170622701235010_170653444565269,No las podemos ver,0,,,,,,,,,,,,,,,,,,,,,,,,,,,,,,,,,,,,,,,,,,,,,,,,,,,,,,,,,,,
,,,170622701235010_170655587898388,No se ve el canal 12 de mega cable k se puede hacer en estos casos ,0,,,,,,,,,,,,,, for the minor value that it brings, gets you on a path where, over time, as you grow that, you grow your understanding, you grow your use of it, [it] will then eventually start to pop up as very measurable difference in how your business performs. So, nowâ€™s the time to get started. Itâ€™s feasible, itâ€™s viable, it works, the tools are good, and the skills are out there now to tap into. There's lots of help if you need it. The sooner you get started, the sooner you get down that journey. And by the way, chances are, if youâ€™re not doing it, your competition is. If they get started not only are they getting advantage of it, but theyâ€™re also going to get ahead of the curve on you because theyâ€™ve got that journey started.,,,,,,,,,,,,,,,,,,,,,,,,,,,,,
,,,170622701235010_170657187898228,Disculpen alguien k me expik como le ago para las tareas por you tube,0,,,,,,,,,,,,,,,,,,,,,,,,,,,,,,,,,,,,,,,,,,,,,,,,,,,,,,,,,,,
,,,170622701235010_170686994561914,Disculpen mi hija ya esta hinscrita pero no le anda asignado que grupo le toco eya va a primero se toma adamaris Saray Araiza Hernández ,1,,,,,,,,,,,,,,,,,,,,,,,,,,,,,,,,,,,,,,,,,,,,,,,,,,,,,,,,,,,
,,,170622701235010_170952661202014,"Hola buenas noches, todas las preguntas deben estar escritas en la libreta, pregunto porque en los en vivos han dicho que son repasos y mi hija no las ah pasado.",0,,,,,,,,,,,,,,,,,,,,,,,,,,,,,,,,,,,,,,,,,,,,,,,,,,,,,,,,,,,
,,,170622701235010_171013734529240,"Rodríguez Edith. Buen día. Anotar nombre completo, fecha, materia, grupo y grado. Lo que aprendiste de ese programa y si tienes alguna. Esto es la debes hacer en cada asignatura. Seguir las indicaciones y recomendaciones que cada maestro te está dando en su materia. ",0,,,,,,,,,,,,,,,,7/25/18 18:30, ,8961,8961,0,11967,11967,0,114,81,115,2,2,9834,7441,0,0,86,0,0,0,0,0,0,0,0,0,0,6,43,2,8,46,2,53,33,,,76,39,,,1,1
,,,170622701235010_171636734466940,Y quién es el asesor de 2 b,0,,,,,,,,,,,,,,12210,12210,0,16452,16452,0,354,248,296,7,7,13180,9877,0,0,253,0,0,0,0,0,0,0,0,0,0,15,138,3,16,140,3,105,158,,,133,163,,,4,3,,4,3,
109037004060247_170352717928675,"ATENCIÓN ALUMNOS, PADRES DE FAMILIA Y TUTORES.",139,170352717928675_170353637928583,Va hacer por cable 🤔🤔,0,WTI5dGJXVnVkRjlqZAFhKemIzSTZANVGN3TXpVek5qTTNPVEk0TlRnek9qRTFPVGd5TVRNMU1qZAz0ZD,WTI5dGJXVnVkRjlqZAFhKemIzSTZANVGN3TkRFME5UZAzBOVGc1TVRVMU9qRTFPVGd5TXpnNU9ERT0ZD,,,,,,,,,,https://graph.facebook.com/v8.0/109037004060247_170352717928675/comments?access_token=EAAI6zYHYg7MBAEuCcuy8EGZBuOgfOKEjjbfBufkAtrV4s3SDvxbmNRvflwxNdr0OHti5AP05rLT41BR7VqXfj4IKAx934ZCyNZAQZAlfq4rQ5fgoamEMPRnp8ZAuaA6ZCOf018U7eERrf1zAsIbZApFc2ZB6ZBTMzZC3PCNgWgjrj4iOw9PRdxTiXi6ex3FWbrjPsZD&fields=id%2Clive_broadcast_timestamp%2Cmessage%2Clike_count%2Creactions&limit=25&after=WTI5dGJXVnVkRjlqZAFhKemIzSTZANVGN3TkRFME5UZAzBOVGc1TVRVMU9qRTFPVGd5TXpnNU9ERT0ZD,,8170,8170,0,11184,11184,0,139,103,134,9,11,9877,7230,0,0,133,0,0,0,0,0,0,0,0,0,0,10,52,1,11,54,1,65,46,,,84,50,,,4,7,,4,5,
,,,170352717928675_170353971261883,Gilda Adriana,0,,,,,,,,,,,,,,10653,10653,0,14474,14474,0,148,98,132,9,13,12090,8905,0,0,118,0,0,0,0,0,0,0,0,0,0,18,60,1,18,62,1,68,38,,,87,45,,,4,9,,4,5,
,,,170352717928675_170354091261871,Guadalupe GA Mary Aviles,0,,,,,,,,,,,,,,11266,11266,0,15170,15170,0,209,145,170,5,5,12826,9360,0,0,173,0,0,0,0,0,0,0,0,0,0,25,84,2,25,89,2,57,101,,,66,104,,,1,4,,1,4,
,,,170352717928675_170355084595105,Y los q no tengan esos canales como le puedemos hacer,1,,,,,,,,,,,,,,8438,8438,0,11566,11566,0,134,82,90,5,5,9619,7107,0,0,110,0,0,0,0,0,0,0,0,0,0,20,55,1,22,57,1,35,49,,,41,49,,,3,2,,3,2,
,,,170352717928675_170355624595051,Lupita Ramirez Mary Ramirez Alexa Ramirez,0,,,,,,,,,,,,,,9003,9003,0,12731,12731,0,463,312,380,4,4,9548,6770,0,0,380,0,0,0,0,0,0,0,0,0,0,31,172,5,35,173,5,169,163,,,200,180,,,3,1,,3,1,
,,,170352717928675_170355817928365,Estela Godinez,0,,,,,,,,,,,,,,5745,5745,0,7813,7813,0,138,71,97,2,2,4917,3566,0,0,93,0,0,0,0,0,0,0,0,0,0,29,74,1,30,76,1,46,32,,,63,34,,,2,,,2,,
,,,170352717928675_170356167928330,En la programación de megacable en que canal serán las clases??,2,,,,,,,,,,,,,,2491,2491,0,3459,3459,0,47,16,25,1,1,2794,2038,0,0,39,0,0,0,0,0,0,0,0,0,0,5,32,,6,33,,7,10,,,15,10,,,1,,,1,,
,,,170352717928675_170356521261628,Y si no tengo cable ,0,,,,,,,,,,,,,,3854,3854,0,5515,5515,0,64,38,47,2,2,4807,3355,0,0,59,0,0,0,0,0,0,0,0,0,0,7,33,,8,35,,16,24,,,22,25,,,1,1,,1,1,
,,,170352717928675_170362301261050,Tere Alarcón Oscar Alarcon,1,,,,,,,,,,,,,,4913,4913,0,7278,7278,0,140,77,100,3,3,6006,4135,0,0,106,0,0,0,0,0,0,0,0,0,0,20,65,5,23,67,5,31,52,,,43,57,,,1,2,,1,2,
,,,170352717928675_170362864594327,Paloma Campos,0,,,,,,,,,,,,,,4496,4496,0,6501,6501,0,158,124,157,3,3,3248,2313,0,0,88,0,0,0,0,0,0,0,0,0,0,14,46,1,18,50,1,75,61,,,91,66,,,1,2,,1,2,
,,,170352717928675_170366641260616,Podría mandar la lista de alumnos de 1 A por favor,0,,,,,,,,,,,,,,2298,2298,0,2661,2661,0,265,251,309,4,4,2472,2144,0,0,247,0,0,0,0,371,376,0,0,0,95678,,33,,,33,,241,13,,,295,14,,,3,1,,3,1,
,,,170352717928675_170369604593653,Eso de las opciones a que se refiere,0,,,,,,,,,,,,,,3834,3834,0,5335,5335,0,66,36,45,0,0,4559,3324,0,0,55,0,0,0,0,0,0,0,0,0,0,5,32,2,5,34,5,23,15,,,30,15,,,,,,,,
,,,170352717928675_170372671260013,Y los que no recogieron libros?,0,,,,,,,,,,,,,,11423,11423,0,15541,15541,0,273,187,230,5,5,11946,8895,0,0,198,0,0,0,0,0,0,0,0,0,0,26,107,1,28,107,1,104,97,,,127,103,,,4,1,,4,1,
,,,170352717928675_170374024593211,Tere Castillo,1,,,,,,,,,,,,,,2855,2855,0,3291,3291,0,120,94,125,0,0,3062,2738,0,0,111,0,0,0,0,1518,1544,0,0,0,61907,,40,,,41,,93,4,,,121,4,,,,,,,,
,,,170352717928675_170376361259644,Erick Chiquito Bautista,0,,,,,,,,,,,,,,14425,14425,0,20281,20281,0,419,272,348,8,8,15550,11429,0,0,344,0,0,0,0,0,0,0,0,0,0,35,194,5,37,195,6,151,138,,,198,150,,,3,5,,3,5,
,,,170352717928675_170377014592912,Linda Linda María García Herrera,1,,,,,,,,,,,,,,8776,8776,0,11999,11999,0,161,90,105,5,5,10343,7624,0,0,138,0,0,0,0,0,0,0,0,0,0,16,82,1,17,82,1,42,53,,,51,54,,,2,3,,2,3,
,,,170352717928675_170380034592610,"Y va ser x cable,esq yo tengo vtv enq canal seria en esa",0,,,,,,,,,,,,,,3136,3136,0,3468,3468,0,173,142,174,5,6,3249,2954,0,0,161,0,0,0,0,2036,2152,0,0,0,68414,,46,,,46,,141,7,,,167,7,,,1,5,,1,4,
,,,170352717928675_170380327925914,Y si no tengo esos canales como le boy hacer,0,,,,,,,,,,,,,,7053,7053,0,9581,9581,0,108,71,88,6,7,8830,6610,0,0,96,0,0,0,0,0,0,0,0,0,0,5,39,2,5,40,2,41,37,,,50,38,,,4,3,,4,2,
,,,170352717928675_170386254591988,Y ¿Los que tenemos el cable mediacom cuáles serán los canales? ,0,,,,,,,,,,,,,,12434,12434,0,17100,17100,0,302,177,233,7,7,12842,9593,0,0,216,0,0,0,0,0,0,0,0,0,0,30,154,5,37,161,6,108,86,,,137,96,,,1,6,,1,6,
,,,170352717928675_170399974590616,Que requerimientos se necesitan para poder acceder a esos canales?,0,,,,,,,,,,,,,,9782,9782,0,13332,13332,0,169,94,108,5,5,11744,8480,0,0,151,0,0,0,0,0,0,0,0,0,0,20,77,1,22,81,1,44,54,,,51,57,,,3,2,,3,2,
,,,170352717928675_170402894590324,Solamente es en los canales o tbien por face??? Se trasmite,1,,,,,,,,,,,,,,16808,16808,0,23459,23459,0,857,621,701,8,8,18529,13692,0,0,675,0,0,0,0,0,0,0,0,0,0,43,293,4,45,298,4,145,504,,,181,520,,,5,3,,5,3,
,,,170352717928675_170408341256446,Y los que no tenemos interned y ni tele que asemos,1,,,,,,,,,,,,,,3001,3001,0,3260,3260,0,182,161,196,3,3,3043,2843,0,0,172,0,0,0,0,1398,1411,0,0,0,69779,,38,1,,41,1,160,1,,,195,1,,,,3,,,3,
,,,170352717928675_170411191256161,Entonces las clases para primer grado serán por la tarde,0,,,,,,,,,,,,,,8009,8009,0,11188,11188,0,126,67,86,8,10,9103,6613,0,0,100,0,0,0,0,0,0,0,0,0,0,19,64,3,21,66,3,40,29,,,57,29,,,7,3,,7,1,
,,,170352717928675_170413984589215,Disculpen k van a ocupar de utiles,0,,,,,,,,,,,,,,1650,1650,0,1969,1969,0,123,110,126,1,1,1777,1472,0,0,114,0,0,0,0,252,255,0,0,0,65662,,27,,,31,,107,6,,,120,6,,,,1,,,1,
,,,170352717928675_170414584589155,Disculpen para ingresar a ver información del primero i?,0,,,,,,,,,,,,,,7190,7190,0,9801,9801,0,85,50,62,1,1,8707,6425,0,0,72,0,0,0,0,0,0,0,0,0,0,9,37,2,9,38,3,28,24,,,38,24,,,1,,,1,,
109037004060247_162862022011078,Entra al link. https://drive.google.com/file/d/1hGz1KadryVANlyz67JwT6j_uv6Dqd5E2/view?usp=sharing,49,162862022011078_162862368677710,Maria Landeros,0,WTI5dGJXVnVkRjlqZAFhKemIzSTZANVFl5T0RZAeU16WTROamMzTnpFd09qRTFPVFU0TkRrME56WT0ZD,WTI5dGJXVnVkRjlqZAFhKemIzSTZANVFl5T1RJNU16VTROamN4TURFeE9qRTFPVFU0TmpNMU9UTT0ZD,,,,,,,,,,https://graph.facebook.com/v8.0/109037004060247_162862022011078/comments?access_token=EAAI6zYHYg7MBAEuCcuy8EGZBuOgfOKEjjbfBufkAtrV4s3SDvxbmNRvflwxNdr0OHti5AP05rLT41BR7VqXfj4IKAx934ZCyNZAQZAlfq4rQ5fgoamEMPRnp8ZAuaA6ZCOf018U7eERrf1zAsIbZApFc2ZB6ZBTMzZC3PCNgWgjrj4iOw9PRdxTiXi6ex3FWbrjPsZD&fields=id%2Clive_broadcast_timestamp%2Cmessage%2Clike_count%2Creactions&limit=25&after=WTI5dGJXVnVkRjlqZAFhKemIzSTZANVFl5T1RJNU16VTROamN4TURFeE9qRTFPVFU0TmpNMU9UTT0ZD,,8172,8172,0,11271,11271,0,129,83,106,8,9,9695,7129,0,0,112,0,0,0,0,0,0,0,0,0,0,10,59,3,12,59,4,42,47,,,57,49,,,4,4,1,4,4,1
,,,162862022011078_162863798677567,Soto Mendoza,0,,,,,,,,,,,,,,8311,8311,0,11371,11371,0,122,60,65,1,1,10253,7596,0,0,105,0,0,0,0,0,0,0,0,0,0,14,63,1,15,66,1,21,41,,,23,42,,,1,,,1,,
,,,162862022011078_162865795344034,Mar Torres...,0,,,,,,,,,,,,,,7120,7120,0,9637,9637,0,127,86,90,3,3,8957,6695,0,0,118,0,0,0,0,0,0,0,0,0,0,7,51,,7,52,,57,31,,,58,32,,,2,1,,2,1,
,,,162862022011078_162876975342916,Alexa Ramirez,0,,,,,,,,,,,,,,9122,9122,0,11991,11989,0,176,97,113,4,4,10022,7497,0,0,154,0,0,0,0,0,0,0,0,0,0,17,94,1,19,95,1,37,64,,,46,67,,,1,3,,1,3,
,,,162862022011078_162879462009334,https://drive.google.com/file/d/1hGz1KadryVANlyz67JwT6j_uv6Dqd5E2/view?usp=sharing,0,,,,,,,,,,,,,,3642,3642,0,4112,4127,0,258,205,248,2,2,3857,3391,0,0,241,0,0,0,0,1828,1882,0,0,0,30553,,70,1,,74,1,205,,,,248,,,,1,1,,1,1,
,,,162862022011078_162884602008820,Buenos días y los q ya llevamos todos los papeles en febrero ya están inscritos o también hay q llenar la ficha de inscripción,0,,,,,,,,,,,,,,2273,2273,0,2624,2624,0,280,247,320,5,5,2415,2132,0,0,267,0,0,0,0,1518,1566,0,0,0,97406,,60,,,61,,245,11,,,309,11,,,1,4,,1,4,
,,,162862022011078_162886108675336,los que entregaron todo ya estan inscritos ,2,,,,,,,,,,,,,,7630,7630,0,10535,10535,0,365,236,284,5,5,8152,6050,0,0,309,0,0,0,0,0,0,0,0,0,0,21,143,2,24,147,2,112,154,,,127,157,,,3,2,,3,2,
,,,162862022011078_162886175341996,Buenos días que puedo hacer si mi hija no a parece en las listas??,0,,,,,,,,,,,,,,12201,12201,0,17099,17099,0,441,242,291,11,12,12373,8769,0,0,355,0,0,0,0,0,0,0,0,0,0,61,226,2,61,229,2,110,145,,,134,157,,,6,6,,6,5,
,,,162862022011078_162886215341992,PaOlitha Diaz,0,,,,,,,,,,,,,,19756,19756,0,28240,28240,0,873,619,765,5,5,17857,12460,0,0,572,0,0,0,0,0,0,0,0,0,0,90,296,18,96,299,26,322,344,,,396,369,,,3,2,,3,2,
,,,162862022011078_162886612008619,ellos ya no llenan nada solo estar atentos a la pagina para las indicaciones que siguen buen dia,0,,,,,,,,,,,,,,3094,3094,0,3506,3506,0,372,310,406,4,4,3268,2884,0,0,349,0,0,0,0,3045,3114,0,0,0,31326,,106,3,,106,6,310,1,,,405,1,,,1,3,,1,3,
,,,162862022011078_162887585341855,"Buenos días\nY los que queremos hacer cambio, que tenemos que hacer ??",0,,,,,,,,,,,,,,5432,5432,0,7491,7491,0,99,60,69,1,1,6519,4724,0,0,87,0,0,0,0,0,0,0,0,0,0,10,43,2,10,44,4,41,20,,,48,21,,,1,,,1,,
,,,162862022011078_162889728674974,Esto es tambien para los que van a 2° grado?,0,,,,,,,,,,,,,,7486,7486,0,10241,10241,0,146,83,114,6,6,8363,6259,0,0,115,0,0,0,0,0,0,0,0,0,0,17,64,5,20,68,5,58,29,,,83,31,,,1,5,,1,5,
,,,162862022011078_162893225341291,Si para los 1 2 3. \nPero los de 1 solo los q faltaron de inscribirse,0,,,,,,,,,,,,,,7317,7317,0,10001,10001,0,134,67,84,6,6,8791,6356,0,0,117,0,0,0,0,0,0,0,0,0,0,15,72,2,15,72,2,37,34,,,44,40,,,2,4,,2,4,
,,,162862022011078_162896832007597,"Buenos días. Los pre inscritos quienes son? En mi caso ya realicé mi pago y entregué mi comprobante de pago, fue inscripción o pre inscripción? Disculpe la molestia 🤗",0,,,,,,,,,,,,,,29561,29561,0,42761,42761,0,1601,1164,1367,12,12,22449,15744,0,0,903,0,0,0,0,0,0,0,0,0,0,157,527,19,158,528,22,509,704,,,623,744,,,7,5,,7,5,
,,,162862022011078_162901912007089,Buenos dias una pregunta como le puedo aser para inscribir ami hija que va a t atercero tengo una q va aprimero ise el pago ya esta inscritapero no encuentro la copia del pago o tengo que pagar denuevo para incribir ala de tercero me podrian decir porfavor,0,,,,,,,,,,,,,,9372,9372,0,13215,13215,0,229,141,181,2,3,10762,7572,0,0,192,0,0,0,0,0,0,0,0,0,0,26,101,2,29,103,3,64,87,,,88,93,,,1,2,,1,1,
,,,162862022011078_162906768673270,Jessi 🥺,0,,,,,,,,,,,,,,9632,9632,0,13091,13091,0,273,155,182,7,7,10844,7722,0,0,232,0,0,0,0,0,0,0,0,0,0,19,155,1,20,155,1,55,111,,,69,113,,,3,4,,3,4,
,,,162862022011078_162909202006360,Buenos días yo ya inscribí a mi hija pero no aparece en las listas,0,,,,,,,,,,,,,,579,579,0,831,831,0,29,24,40,0,0,305,205,0,0,10,0,0,0,0,0,0,0,0,0,0,3,10,5,3,10,6,14,15,,,23,17,,,,,,,,
,,,162862022011078_162911428672804,"Buenísimo días si yo quisiera cambio d turno que puedo hacer ,hace tres meses me cambie de domicilio y no la podré recoger le tocó turno en la tarde",0,,,,,,,,,,,,,,6080,6080,0,8185,8185,0,113,53,63,2,2,6909,4827,0,0,97,0,0,0,0,0,0,0,0,0,0,18,69,,19,71,,33,23,,,39,24,,,2,,,2,,
,,,162862022011078_162913508672596,Y los que van a entrar a 2 segundo tenemos que llenar eso tambien,0,,,,,,,,,,,,,,7715,7715,0,10517,10517,0,134,69,87,4,4,8928,6498,0,0,115,0,0,0,0,0,0,0,0,0,0,21,68,,23,71,,29,42,1,,43,43,1,,3,1,,3,1,
,,,162862022011078_162917425338871,Buenos días mi hijo va para 2 segundo igual es llenar el formato,0,,,,,,,,,,,,,,9635,9635,0,13596,13596,0,194,149,178,3,3,11139,8050,0,0,167,0,0,0,0,0,0,0,0,0,0,23,52,2,23,52,2,49,112,,,60,118,,,2,1,,2,1,
,,,162862022011078_162917638672183,Hola buen día los que ya isimos el pago y llenamos el formato que ay que aser,0,,,,,,,,,,,,,,6889,6889,0,9320,9320,0,112,91,141,1,1,8438,6285,0,0,80,0,0,0,0,0,0,0,0,0,0,7,27,2,7,28,2,34,21,43,,43,23,75,,1,,,1,,
,,,162862022011078_162921032005177,De los que van a 2° se puede hacer hoy mismo el tramite o seria hasta mañana?,0,,,,,,,,,,,,,,9405,9405,0,12845,12845,0,298,223,266,3,3,10477,7764,0,0,251,0,0,0,0,0,0,0,0,0,0,28,99,1,34,101,1,160,69,,,195,71,,,3,,,3,,
,,,162862022011078_162924565338157,"Y la CLABE interbancaria para hacer transferencia, sigo esperando ese dato,para nada compromete el uso de su cuenta, no comprendo porque la renuencia a publicarlo si nos evita acudir a lugares públicos",1,,,,,,,,,,,,,,7090,7090,0,9966,9966,0,134,85,117,1,1,8269,6002,0,0,96,0,0,0,0,0,0,0,0,0,0,12,57,1,15,59,1,50,18,32,,61,20,36,,,1,,,1,
,,,162862022011078_162927768671170,Hola buenos dias ETA16 Dolores Hidalgo se ocuparian Fotos ó no.,0,,,,,,,,,,,,,,8756,8756,0,12151,12151,0,144,73,99,7,7,9528,6799,0,0,107,0,0,0,0,0,0,0,0,0,0,25,82,4,25,85,5,39,37,,,59,40,,,4,3,,4,3,
,,,162862022011078_162929358671011,Denisse Medina,0,,,,,,,,,,,,,,9870,9870,0,13389,13389,0,183,107,118,3,3,11833,8579,0,0,167,0,0,0,0,0,0,0,0,0,0,16,87,1,19,87,1,34,74,,,42,76,,,1,2,,1,2,
109037004060247_160322355598378,Nuevo aviso,68,160322355598378_160326705597943,Podrían por favor también publicar su cuenta CLABE para realizar la transferencia de la inscripción y evitar las eternas filas del banco,5,WTI5dGJXVnVkRjlqZAFhKemIzSTZANVFl3TXpJMk56QTFOVGszT1RRek9qRTFPVFV3T0RRek1EUT0ZD,WTI5dGJXVnVkRjlqZAFhKemIzSTZANVGMyTnpReU1UVTNNamc1TnpNeE9qRTJNREF6TlRjeE5EST0ZD,,,,,,,,,,,,8581,8581,0,12420,12420,0,153,96,118,4,4,11336,7881,0,0,134,0,0,0,0,0,0,0,0,0,0,7,64,2,9,64,2,50,56,,,59,59,,,,4,,,4,
,,,160322355598378_160327462264534,Maria Landeros,0,,,,,,,,,,,,,,9293,9293,0,13081,13081,0,196,117,134,1,1,10689,7513,0,0,164,0,0,0,0,0,0,0,0,0,0,22,84,1,22,87,1,54,66,,,64,70,,,1,,,1,,
,,,160322355598378_160327682264512,Vianne Rincón,0,,,,,,,,,,,,,,2414,2414,0,2753,2753,0,323,293,370,4,4,2490,2199,0,0,295,0,0,0,0,953,1018,0,0,0,95678,,48,5,,48,6,290,10,,,359,11,,,2,2,,2,2,
,,,160322355598378_160338482263432,Gracias!,0,,,,,,,,,,,,,,7735,7735,0,10538,10538,0,172,95,111,7,7,8684,6386,0,0,151,0,0,0,0,0,0,0,0,0,0,22,91,3,22,95,3,52,50,,,59,52,,,3,4,,3,4,
,,,160322355598378_160346115596002, Paty Rodriguez ,0,,,,,,,,,,,,,,6877,6877,0,9714,9714,0,131,75,90,2,2,8259,6000,0,0,108,0,0,0,0,0,0,0,0,0,0,16,63,1,16,68,1,43,35,,,49,41,,,2,,,2,,
,,,160322355598378_160347445595869,Akiré D Becker,0,,,,,,,,,,,,,,8846,8846,0,12186,12186,0,194,120,152,4,4,9619,6941,0,0,158,0,0,0,0,0,0,0,0,0,0,27,77,3,28,78,4,83,47,,,105,47,,,3,1,,3,1,
,,,160322355598378_160355015595112,PaOlitha Diaz,0,,,,,,,,,,,,,,6777,6777,0,9495,9495,0,146,77,101,3,3,8159,5792,0,0,123,0,0,0,0,0,0,0,0,0,0,22,73,2,23,79,2,41,38,,,60,41,,,1,2,,1,2,
,,,160322355598378_160357065594907,"Muy amables, gracias",0,,,,,,,,,,,,,,7477,7477,0,10565,10565,0,150,111,139,2,2,9568,6769,0,0,136,0,0,0,0,0,0,0,0,0,0,14,47,1,15,48,2,77,43,,,93,46,,,,2,,,2,
,,,160322355598378_160361498927797,Adam Sandoval,0,,,,,,,,,,,,,,7919,7919,0,10988,10988,0,148,109,126,10,10,8374,6264,0,0,93,0,0,0,0,0,0,0,0,0,0,12,47,,13,49,,86,26,,,100,26,,,2,8,,2,8,
,,,160322355598378_160373068926640,Una pregunta disculpen abian dicho que el día 21 se iba a publicar el turno delos de primer ingreso a ora será la hasta el día 27,0,,,,,,,,,,,,,,5992,5992,0,8221,8221,0,88,51,65,1,1,6934,5122,0,0,74,0,0,0,0,0,0,0,0,0,0,15,39,1,15,40,2,24,31,,,30,35,,,1,,,1,,
,,,160322355598378_160373225593291,Pero como los que ya los inscribimos y ta isimos el pago tendremos que volverlos a inscribir,0,,,,,,,,,,,,,,9447,9447,0,12960,12960,0,300,180,210,8,8,10202,7480,0,0,230,0,0,0,0,0,0,0,0,0,0,19,140,1,21,143,2,62,125,,,77,133,,,6,2,,6,2,
,,,160322355598378_160610472236233,Martha Núñez,1,,,,,,,,,,,,,,5750,5750,0,7917,7917,0,86,50,61,1,1,6813,4734,0,0,78,0,0,0,0,0,0,0,0,0,0,12,39,,12,41,,32,20,,,41,20,,,1,,,1,,
,,,160322355598378_160615682235712,Disculpé yo aún no entregó la oja de asignación xq no la tenía q día puedo entregarla,0,,,,,,,,,,,,,,20534,20534,0,27558,27558,0,831,605,723,13,13,17628,12941,0,0,561,0,0,0,0,0,0,0,0,0,0,52,298,5,54,308,10,192,449,,,236,487,,,10,3,,10,3,
,,,160322355598378_160861895544424,Marivel Mellado,0,,,,,,,,,,,,,,7119,7119,0,10171,10171,0,87,62,86,4,4,9318,6487,0,0,72,0,0,0,0,0,0,0,0,0,0,6,31,,8,33,,32,9,33,,43,9,34,,3,1,,3,1,
,,,160322355598378_160922185538395,Buenos días me podrían informar cuando hay inscripciones? Me comentaron q hoy 20 de julio pero no avia nadie.,0,,,,,,,,,,,,,,3309,3309,0,4712,4712,0,82,48,65,2,3,3631,2518,0,0,71,0,0,0,0,0,0,0,0,0,0,16,48,4,16,48,4,24,28,,,35,30,,,3,,,2,,
,,,160322355598378_161258032171477,,0,,,,,,,,,,,,,,10059,10059,0,13860,13860,0,352,218,263,15,15,10629,7626,0,0,290,0,0,0,0,0,0,0,0,0,0,22,154,3,24,156,3,111,119,,,139,124,,,14,1,,14,1,
,,,160322355598378_161491188814828,Hola buen día para los que ta i escribimos tendremos que pasar hoy alas institución para llenar algún documento,0,,,,,,,,,,,,,,13220,13220,0,18320,18320,0,485,285,348,7,7,12177,8594,0,0,390,0,0,0,0,0,0,0,0,0,0,62,223,7,62,226,10,148,161,,,174,174,,,1,6,,1,6,
,,,160322355598378_161526152144665,Ale ,0,,,,,,,,,,,,,,9144,9144,0,13084,13084,0,114,69,89,2,2,11079,7707,0,0,101,0,0,0,0,0,0,0,0,0,0,18,50,4,18,50,4,41,31,,,51,38,,,1,1,,1,1,
,,,160322355598378_162094132087867,Buen día yo tengo una situación con mi hijo me gustaría por favor que me pudieran decir como puedo comunicarme con algún encargado en la escuela la dirección o algún numero donde me pueda comunicar no se si la escuela este abierta y puedo uno ir agradecería mucho que me dieran respuesta ..,0,,,,,,,,,,,,,,8595,8595,0,12335,12335,0,131,82,98,2,2,10461,7319,0,0,115,0,0,0,0,0,0,0,0,0,0,15,53,2,17,53,3,28,56,,,35,63,,,1,1,,1,1,
,,,160322355598378_163009688662978,Se sabe si se va a entrar el día 10 de agosto a clases,0,,,,,,,,,,,,,,9250,9250,0,12952,12952,0,195,113,144,2,2,10076,7254,0,0,172,0,0,0,0,0,0,0,0,0,0,31,85,7,31,86,8,74,46,,,98,46,,,2,,,2,,
,,,160322355598378_176742110623069,No se cual es el correo del profe,0,,,,,,,,,,,,,,8145,8145,0,11133,11133,0,264,188,236,5,6,9490,6983,0,0,246,0,0,0,0,0,0,0,0,0,0,17,94,3,19,95,3,118,84,,,146,90,,,5,1,,4,1,
,,,160322355598378_176742157289731,De primero G,0,,,,,,,,,,,,,,7109,7109,0,9976,9976,0,111,69,85,1,1,7842,5690,0,0,90,0,0,0,0,0,0,0,0,0,0,23,41,1,23,42,2,33,37,,,45,40,,,1,,,1,,
109037004060247_160085802288700,22 de julio de 2020\nPublicación de las lista de nuevo ingreso (grupos de primer grado),27,160085802288700_160086935621920,Disculpe es que no le entiendo al número para ir a pagar de segundo grado el número de la cuenta,0,WTI5dGJXVnVkRjlqZAFhKemIzSTZANVFl3TURnMk9UTTFOakl4T1RJd09qRTFPVFV3TVRJek5qYz0ZD,WTI5dGJXVnVkRjlqZAFhKemIzSTZANVFl4TlRjNE1EUXlNVE01TkRjMk9qRTFPVFUwTkRZANU16ST0ZD,,,,,,,,,,,,6790,6790,0,9482,9482,0,115,81,115,2,2,8213,5897,0,0,108,0,0,0,0,0,0,0,0,0,0,15,44,1,16,46,1,46,43,,,70,45,,,1,1,,1,1,
,,,160085802288700_160088298955117,Ake hora será,0,,,,,,,,,,,,,,7387,7387,0,10043,10043,0,97,58,75,3,3,8323,6039,0,0,85,0,0,0,0,0,0,0,0,0,0,14,49,,14,50,,37,25,,,48,27,,,2,1,,2,1,
,,,160085802288700_160089652288315,Por este medio será?,0,,,,,,,,,,,,,,8848,8848,0,12285,12285,0,199,147,194,6,6,10602,7628,0,0,171,0,0,0,0,0,0,0,0,0,0,21,61,4,24,63,4,97,56,,,132,62,,,5,1,,5,1,
,,,160085802288700_160091262288154,Buenas tardes. Las listas incluirán el turno? 🤗,0,,,,,,,,,,,,,,16515,16515,0,23173,23173,0,534,330,399,9,9,16437,11831,0,0,428,0,0,0,0,0,0,0,0,0,0,56,241,3,59,245,4,160,201,,,184,215,,,7,2,,7,2,
,,,160085802288700_160092478954699,PaOlitha,0,,,,,,,,,,,,,,6790,6790,0,9669,9669,0,97,49,55,5,5,8334,5899,0,0,90,0,0,0,0,0,0,0,0,0,0,14,56,2,14,58,2,23,26,,,25,30,,,2,3,,2,3,
,,,160085802288700_160098148954132,Hola buenas tardes y también vendrá en que turno les tocó,0,,,,,,,,,,,,,,9152,9152,0,12480,12480,0,241,144,158,5,5,9617,7052,0,0,201,0,0,0,0,0,0,0,0,0,0,26,111,1,26,113,1,44,104,,,53,105,,,1,4,,1,4,
,,,160085802288700_160099932287287,Hola,0,,,,,,,,,,,,,,7017,7017,0,9970,9970,0,98,59,75,3,3,8580,6126,0,0,84,0,0,0,0,0,0,0,0,0,0,15,47,,15,47,,36,26,,,48,27,,,2,1,,2,1,
,,,160085802288700_160113688952578,Araceli Salazar,0,,,,,,,,,,,,,,8493,8493,0,11840,11840,0,161,89,104,6,6,9925,7038,0,0,131,0,0,0,0,0,0,0,0,0,0,24,76,2,26,77,2,44,46,,,54,50,,,4,2,,4,2,
,,,160085802288700_160115605619053,Una disculpa cuando son las fichas para el ingreso de tercer grado me podria decir x fabor,0,,,,,,,,,,,,,,10187,10187,0,14117,14117,0,181,106,121,5,5,11397,8246,0,0,149,0,0,0,0,0,0,0,0,0,0,30,82,1,30,82,2,43,63,,,52,69,,,2,3,,2,3,
,,,160085802288700_160120175618596,Gracias por avisar,0,,,,,,,,,,,,,,11519,11519,0,15681,15681,0,310,190,218,4,4,13373,9693,0,0,267,0,0,0,0,0,0,0,0,0,0,29,147,2,29,147,2,74,124,,,90,128,,,2,2,,2,2,
,,,160085802288700_160127438951203,"Entoces el 20si tenemos que prestarnos los de nuevo ingreso como dice la convocatoria que publicaron, o ya todos los que llevamos los documentos y realizamos el pago y ya entregamos todo eso con ustedes hay que presentarse ",0,,,,,,,,,,,,,,7144,7144,0,9779,9779,0,229,172,209,4,4,8605,6275,0,0,207,0,0,0,0,0,0,0,0,0,0,18,69,1,19,69,2,50,133,,,66,143,,,1,3,,1,3,
,,,160085802288700_160127695617844,"O esos ya no avísenos por favor, por qué ya nos revolvieron con las publicaciones que hacen☹️",1,,,,,,,,,,,,,,6862,6862,0,9057,9057,0,104,65,94,3,3,7933,5967,0,0,90,0,0,0,0,0,0,0,0,0,0,18,47,1,20,47,1,33,34,,,55,39,,,,3,,,3,
,,,160085802288700_160132495617364,"Buenas tardes, y los que estaban en lista de espera, cuál será el procedimiento",0,,,,,,,,,,,,,,6769,6769,0,9088,9088,0,173,116,142,3,3,7838,5747,0,0,139,0,0,0,0,0,0,0,0,0,0,16,63,,17,66,,78,52,,,88,54,,,1,2,,1,2,
,,,160085802288700_160134192283861,Lista de utiles ✌,0,,,,,,,,,,,,,,3423,3423,0,4733,4733,0,115,64,83,0,0,3710,2616,0,0,101,0,0,0,0,0,0,0,0,0,0,16,61,,16,61,,32,36,,,43,40,,,,,,,,
,,,160085802288700_160134915617122,Mari Perez De Noriega,1,,,,,,,,,,,,,,5865,5865,0,8032,8032,0,89,65,82,4,4,7168,5251,0,0,82,0,0,0,0,0,0,0,0,0,0,6,28,,6,29,,34,32,,,46,36,,,3,1,,3,1,
,,,160085802288700_160163788947568,Disculpen cuando serían las inscripciones de segundo grado,1,,,,,,,,,,,,,,8040,8040,0,11561,11561,0,120,70,87,4,4,9732,6892,0,0,109,0,0,0,0,0,0,0,0,0,0,18,56,1,19,57,1,32,42,,,44,43,,,1,3,,1,3,
,,,160085802288700_160166388947308,Del 27 al 30,0,,,,,,,,,,,,,,19335,19335,0,26625,26625,0,879,632,804,12,13,17283,12544,0,0,441,0,0,0,0,0,0,0,0,0,0,52,290,20,54,299,24,403,264,,,529,275,,,6,7,,5,7,
,,,160085802288700_160166445613969,Se les avisara la proxima semana,0,,,,,,,,,,,,,,1526,1526,0,2195,2195,0,23,11,17,1,1,1819,1240,0,0,17,0,0,0,0,0,0,0,0,0,0,3,14,,3,14,,8,4,,,13,4,,,,1,,,1,
,,,160085802288700_160166522280628,El procedimiento,0,,,,,,,,,,,,,,11874,11874,0,16974,16974,0,337,242,353,4,4,10136,7258,0,0,209,0,0,0,0,0,0,0,0,0,0,44,114,2,48,117,3,156,52,62,,208,60,85,,4,,,4,,
,,,160085802288700_160180932279187,Se publican aquí o hay que asistir a la escuela?,0,,,,,,,,,,,,,,8316,8316,0,11652,11652,0,199,111,126,5,5,9669,7017,0,0,161,0,0,0,0,0,0,0,0,0,0,21,96,2,22,99,3,60,53,1,,69,56,1,,2,3,,2,3,
,,,160085802288700_160310712266209,Como vamos a saber de nuestros hijos en que turno van a estar. Si fueran tan amables de decirnos..,1,,,,,,,,,,,,,,9402,9402,0,13071,13071,0,205,155,188,5,5,10285,7398,0,0,148,0,0,0,0,0,0,0,0,0,0,16,68,2,18,69,2,98,62,,,121,67,,,1,4,,1,4,
,,,160085802288700_160388705591743,,1,,,,,,,,,,,,,,5715,5715,0,8065,8065,0,82,41,46,6,6,7231,4991,0,0,69,0,0,0,0,0,0,0,0,0,0,12,41,,13,42,,25,18,,,26,20,,,4,2,,4,2,
,,,160085802288700_160969448867002,Tendremos que pasar el 22 ala institución para que nos digan en que turno les toca a nuestros hijos,0,,,,,,,,,,,,,,99852,9246,93360,151243,13048,138195,1173,948,1194,8,10,21475,10299,10850,3428,313,0,0,0,0,0,0,0,0,0,0,34,256,7,37,259,8,446,167,417,,515,196,483,,4,2,4,3,2,4
,,,160085802288700_161578042139476,Ya sabemos que turno nos tocó aora que eslo que ay que aser,0,,,,,,,,,,,,,,19628,19628,0,26702,26702,0,956,721,836,16,17,19672,14720,0,0,803,0,0,0,0,0,0,0,0,0,0,66,317,6,69,325,7,190,585,,,232,604,,,8,9,,7,9,
109037004060247_158035072493773,Hasta siempre.,70,158035072493773_158035959160351,Qué descanse en paz así sea amén,0,WTI5dGJXVnVkRjlqZAFhKemIzSTZANVFU0TURNMU9UVTVNVFl3TXpVeE9qRTFPVFEwTXpJeU1EUT0ZD,WTI5dGJXVnVkRjlqZAFhKemIzSTZANVFkyTURrMU5ERXhOamczTnpNNU9qRTFPVFk0TkRZAeE56ZAz0ZD,,,,,,,,,,,,11809,11809,0,16606,16606,0,316,179,247,7,7,11871,8586,0,0,230,0,0,0,0,0,0,0,0,0,0,56,158,6,56,160,6,114,87,,,156,91,,,2,5,,2,5,
,,,158035072493773_158036395826974,Descanse en paz,0,,,,,,,,,,,,,,10049,10049,0,13694,13694,0,218,139,185,5,5,10656,7818,0,0,180,0,0,0,0,0,0,0,0,0,0,28,105,5,28,110,7,80,72,,,106,79,,,2,3,,2,3,
,,,158035072493773_158037062493574,Descanse en paz....,0,,,,,,,,,,,,,,8336,8336,0,11821,11821,0,135,82,97,3,3,9335,6674,0,0,108,0,0,0,0,0,0,0,0,0,0,22,63,,24,66,,40,47,,,49,48,,,,3,,,3,
,,,158035072493773_158037889160158,Que en paz descanse🙏,0,,,,,,,,,,,,,,9520,9520,0,13312,13312,0,142,86,136,5,5,10851,7817,0,0,108,0,0,0,0,0,0,0,0,0,0,16,54,,19,54,,31,61,,,60,76,,,4,1,,4,1,
,,,158035072493773_158038379160109,Que triste noticia 😔 Descanse en paz querido profesor...,0,,,,,,,,,,,,,,10904,10904,0,15186,15186,0,250,182,226,9,9,12572,8964,0,0,210,0,0,0,0,0,0,0,0,0,0,21,68,3,22,69,3,55,142,,,78,148,,,5,4,,5,4,
,,,158035072493773_158039382493342,Mely González y Rosa Fonseca hagamos por nuestro maestro una oración. 2 en la misma semana 😭😭,0,,,,,,,,,,,,,,9054,9054,0,12591,12591,0,120,84,103,4,4,10582,7640,0,0,99,0,0,0,0,0,0,0,0,0,0,12,51,2,12,53,3,53,34,,,67,36,,,4,,,4,,
,,,158035072493773_158047879159159,Descanse en paz,0,,,,,,,,,,,,,,10197,10197,0,13843,13843,0,244,136,158,2,2,10561,7628,0,0,195,0,0,0,0,0,0,0,0,0,0,32,108,2,33,109,2,55,89,,,64,94,,,1,1,,1,1,
,,,158035072493773_158051282492152,En paz descansé ,0,,,,,,,,,,,,,,7866,7866,0,10698,10698,0,112,65,72,7,8,9204,6764,0,0,89,0,0,0,0,0,0,0,0,0,0,12,52,1,12,53,1,42,24,,,47,25,,,6,2,,5,2,
,,,158035072493773_158068712490409,Descanse en paz apreciable Maestro y compañero de trabajo.,0,,,,,,,,,,,,,,7907,7907,0,10849,10849,0,139,94,115,0,0,9368,6795,0,0,118,0,0,0,0,0,0,0,0,0,0,14,50,,15,51,,43,57,,,51,64,,,,,,,,
,,,158035072493773_158069742490306,Que descanse en paz el profe Gaspar,0,,,,,,,,,,,,,,14471,14471,0,20638,20638,0,483,281,334,10,10,13250,9592,0,0,372,0,0,0,0,0,0,0,0,0,0,62,227,2,63,233,2,131,167,,,161,173,,,6,4,,6,4,
,,,158035072493773_158075022489778,"Mi mas sinceras condolencias para su familia, un gran maestro",0,,,,,,,,,,,,,,7590,7590,0,10404,10404,0,124,64,73,5,5,8461,6023,0,0,108,0,0,0,0,0,0,0,0,0,0,12,66,1,12,67,1,30,37,,,34,39,,,3,2,,3,2,
,,,158035072493773_158075199156427,"En paz descanse, así sea amén.",1,,,,,,,,,,,,,,10722,10722,0,14537,14537,0,251,174,192,5,5,12202,8761,0,0,217,0,0,0,0,0,0,0,0,0,0,15,82,3,17,82,3,38,142,,,46,146,,,2,3,,2,3,
,,,158035072493773_158077739156173,Descance en paz maestro Gaspar!! Mis más sinceras condolencias para toda su familia.,0,,,,,,,,,,,,,,11022,11022,0,14906,14906,0,362,201,230,6,6,12695,9196,0,0,320,0,0,0,0,0,0,0,0,0,0,29,185,2,30,190,2,69,138,,,82,148,,,3,3,,3,3,
,,,158035072493773_158083775822236,Tengo bonitos recuerdos,0,,,,,,,,,,,,,,3126,3126,0,4281,4281,0,94,77,113,2,2,3815,2761,0,0,86,0,0,0,0,627,670,0,0,0,1053526,,24,1,,24,1,75,5,,,108,5,,,,2,,,2,
,,,158035072493773_158099819153965,Luz y pronto consuelo a su familia .Descanse en paz .mi muy querido profesor Gaspar .,0,,,,,,,,,,,,,,10857,10857,0,14768,14768,0,340,218,260,7,7,11958,8718,0,0,290,0,0,0,0,0,0,0,0,0,0,24,157,1,24,160,2,101,134,,,119,141,,,3,4,,3,4,
,,,158035072493773_158188502478430,Descansé en paz,0,,,,,,,,,,,,,,6556,6556,0,9050,9050,0,163,92,121,3,3,7276,5266,0,0,133,0,0,0,0,0,0,0,0,0,0,16,81,,17,83,,40,59,,,52,69,,,2,1,,2,1,
,,,158035072493773_158221345808479,Descanse en paz,0,,,,,,,,,,,,,,27918,27918,0,38683,38683,0,1661,1251,1645,22,22,25691,19093,0,0,1178,0,0,0,0,0,0,0,0,0,0,99,564,10,105,590,10,513,889,,,680,965,,,12,10,,12,10,
,,,158035072493773_158303475800266,,0,,,,,,,,,,,,,,8334,8334,0,11461,11461,0,154,99,107,3,3,10425,7538,0,0,142,0,0,0,0,0,0,0,0,0,0,8,61,,8,62,,30,73,,,34,73,,,,3,,,3,
,,,158035072493773_158304349133512,Misión Cumplida...!!!!!! Hasta SIEMPRE...!!!!!,0,,,,,,,,,,,,,,9887,9887,0,13299,13299,0,229,112,147,5,5,11307,8348,0,0,198,0,0,0,0,0,0,0,0,0,0,18,132,2,20,132,3,54,67,,,75,72,,,1,4,,1,4,
,,,158035072493773_158343402462940,Hola prima,0,,,,,,,,,,,,,,8527,8527,0,11430,11430,0,146,86,106,3,3,9649,7116,0,0,128,0,0,0,0,0,0,0,0,0,0,20,62,1,20,63,1,48,44,,,59,47,,,1,2,,1,2,
,,,158035072493773_158359252461355,Un gran Profesor de mi generación en la ETA #16,0,,,,,,,,,,,,,,8005,8005,0,10816,10816,0,161,98,131,4,5,9125,6811,0,0,128,0,0,0,0,0,0,0,0,0,0,19,77,1,20,78,1,49,60,,,70,61,,,1,4,,1,3,
,,,158035072493773_158395365791077,DESCANSE EN PAZ ... !!! 🕊️🕊️ EXCELENTE PROFESOR... ETA #16,0,,,,,,,,,,,,,,10309,10309,0,14379,14379,0,344,212,239,1,1,11377,7984,0,0,301,0,0,0,0,0,0,0,0,0,0,27,155,,32,158,,81,141,,,90,149,,,1,,,1,,
,,,158035072493773_159325372364743,"Descance en paz, tiene mis respetos ese Profesor.",0,,,,,,,,,,,,,,38912,38912,0,53969,53969,0,2193,1537,1996,26,26,29832,21320,0,0,1331,0,0,0,0,0,0,0,0,0,0,177,733,29,192,767,36,825,806,,,1128,868,,,13,13,,13,13,
,,,158035072493773_166095411687739,"Uno de los mejores maestros que he conocido, le dio clases a mi mamá y ella siempre recordaba a esta gran persona. Gracias señor por todo! ",1,,,,,,,,,,,,,1.09E+14,8703,8703,0,12670,12670,0,243,142,172,10,10,9938,6682,0,0,212,0,0,0,0,0,0,0,0,0,0,26,115,,26,117,,46,104,,,55,117,,,2,8,,2,8,
109037004060247_156979312599349,"Nuestra Institución lamenta profundamente la pérdida del Mtro Piedra. \n\nUn icono en la educación de miles de dolorenses, fue un gran compañero. \n\nDescansa en paz.",7,156979312599349_156980612599219,"Descanse en ,y lusca para el la luz perpetua así sea amén",0,WTI5dGJXVnVkRjlqZAFhKemIzSTZANVFUyT1Rnd05qRXlOVGs1TWpFNU9qRTFPVFF4TXpVNU56UT0ZD,WTI5dGJXVnVkRjlqZAFhKemIzSTZANVFU0TURVek5qZAzVNVFU0TlRjNE9qRTFPVFEwTXpjMU9UUT0ZD,,,,,,,,,,,,3714,3714,0,5377,5377,0,224,185,227,2,2,4175,2839,0,0,139,660,712,0,0,1659,1829,0,0,3892,8148,9,47,2,9,48,2,69,10,,126,84,13,,130,,2,,,2,
,,,156979312599349_156986175931996,Mí más sentido pésame para sus familias y amigos... QEPD 🙏,0,,,,,,,,,,,,,,9466,9466,0,13156,13156,0,242,171,202,4,4,10439,7744,0,0,212,0,0,0,0,0,0,0,0,0,0,19,81,2,20,85,4,64,118,,,76,126,,,2,2,,2,2,
,,,156979312599349_157001285930485,Que descanse en Paz,0,,,,,,,,,,,,,,15525,15525,0,21121,21121,0,668,440,519,11,11,17032,12610,0,0,561,0,0,0,0,0,0,0,0,0,0,39,296,10,39,300,10,236,234,,,277,242,,,9,2,,9,2,
,,,156979312599349_157013375929276,"Descanse en paz, 🙏",0,,,,,,,,,,,,,,6042,6042,0,8027,8027,0,140,90,109,1,1,7027,5286,0,0,105,0,0,0,0,0,0,0,0,0,0,5,57,2,6,57,2,50,11,35,,59,11,39,,1,,,1,,
,,,156979312599349_157024955928118,"Fue mi maestro, mi más sentido pésame. \n Descanse en paz.",0,,,,,,,,,,,,,,13403,13403,0,18140,18140,0,526,412,518,8,8,14262,10650,0,0,417,0,0,0,0,0,0,0,0,0,0,21,141,2,26,141,2,197,273,,,236,282,,,1,7,,1,7,
,,,156979312599349_157026019261345,Descanse en paz profe ,0,,,,,,,,,,,,,,12909,12909,0,18241,18241,0,320,197,253,5,5,14250,10071,0,0,269,0,0,0,0,0,0,0,0,0,0,42,146,2,44,146,2,109,103,,,149,104,,,1,4,,1,4,
,,,156979312599349_157032919260655,Descanse en paz ,0,,,,,,,,,,,,,,12751,12751,0,18190,18190,0,307,196,232,10,10,13863,10073,0,0,260,0,0,0,0,0,0,0,0,0,0,32,133,,35,134,,104,97,,,129,103,,,6,4,,6,4,
,,,156979312599349_157079665922647,Una gran pérdida!! Descanse en paz!!,0,,,,,,,,,,,,,,14499,14499,0,19264,19264,0,596,451,609,10,10,14977,11324,0,0,490,0,0,0,0,0,0,0,0,0,0,43,197,6,47,207,6,326,147,,,457,152,,,4,6,,4,6,
,,,156979312599349_157254059238541,Mi más sentido pésame 🙏🙏🙏,0,,,,,,,,,,,,,,10021,10021,0,13578,13578,0,301,202,250,6,6,10083,7401,0,0,246,0,0,0,0,0,0,0,0,0,0,32,130,2,33,130,2,132,85,,,162,88,,,1,5,,1,5,
,,,156979312599349_157419719221975,"Dentro de mi preparación como abogado tuve alrededor de 50 profesores y este gran hombre lo cuento entre mis tres mejores maestros que me enseñaron, afortunadamente en febrero de este año llegando de mi ciudad de residencia (Tijuana) lo visité en su oficina y le hice saber que estaba muy agradecido por sus enseñanzas, descanse en paz querido maestro.",0,,,,,,,,,,,,,,11263,11263,0,15091,15091,0,273,180,207,9,9,12226,9333,0,0,232,0,0,0,0,0,0,0,0,0,0,23,101,1,24,106,1,125,61,,,143,64,,,4,5,,4,5,
,,,156979312599349_158027639161183,Que descance en paz,0,,,,,,,,,,,,,,6320,6320,0,8545,8545,0,215,136,178,1,1,6509,4924,0,0,174,0,0,0,0,0,0,0,0,0,0,19,93,1,24,95,1,51,69,34,,59,77,42,,,1,,,1,
,,,156979312599349_158053505825263,"Cuando un amigo se va... \nLejos quedaron aquellos días de la adolescencia, cuando el mundo era nuevo, cuando la ingenuidad se resistía a desaparecer y comenzabamos a recorrer el duro camino de la vida. \nY allí estábamos, la bola de chamacos en la Secundaria Escuela Técnica Agropecuaria No. 16 (ETA), en nuestro primer día de clases: ansiosos, timoratos, inexpertos, soñadores, bulliciosos, traviesos, rapazuelos, parlanchines, distraídos, impetuosos, amigables, curiosos, joviales, callados, etc., etc., etc. Pasábamos de un salón a otro, de una clase a otra, de un maestro a otro; conociendo a nuestros nuevos compañeros, conociendo la escuela y conociendo a los encargados de impartir las materias. Parecía todo normal, nada del otro mundo, hasta que de pronto nos dicen que sigue la clase de Ciencias Sociales y nos llevan hasta un salón donde nos recibe un hombre que frisaba en los cuarentas o cincuentas, no lo sé, de mediana estatura, complexión delgada, tez morena, bigote ralo, pómulos saltados, voz gruesa y que siseaba al hablar.\nEnseguida que nos acomodamos se presentó pausadamente pero con seguridad, dijo llamarse Jesús Gregorio Piedra Balderrama y ser originario de Tepoztlan, Morelos, y que por azares del destino, siendo aún joven, fue a dar a La Cuna de la Independencia Nacional. Desde ese momento nos envolvió en su discurso, parecía que las ideas se sucedían en su mente y en su boca de manera simultánea e inagotable; y así fue siempre. \nEstábamos atónitos, sorprendidos y contentos; así supimos que la secundaria era otra cosa en cuestión académica. Entrar al salón de Ciencias Sociales del maestro Piedra era como entrar a la catedral del saber, y era guardar silencio desde que comenzaba la clase hasta que terminaba. Con un carácter afable comenzaba a impartir su clase, a la vieja usanza, por medio de un dictado en el que intercalaba explicaciones, vivencias personales y chascarrillos; siempre tratando que fuera amena la clase. Creo que esa sencillez mezclada con conocimiento y cierta sabiduría fue lo que para mi, y me atrevo afirmar que para muchos, hizo de esa clase una clase entrañable, ejemplar y extraordinaria. \nEl Maestro Piedra hechó raíces en Dolores Hidalgo y con el paso de los años se volvió hijo adoptivo e hijo predilecto, estimado por muchos, querido por otros tantos; su legado fue invaluable para el Municipio.\nTerminada la secundaria lo encontré, nuevamente, en la Preparatoria Enrique C Rebsamen, como maestro, director y fundador de dicha Institución, sobra decir que el hecho de que el Maestro Piedra estuviera a cargo era una garantía de buena educación.\nCon el paso de los años continué conservando su amistad. Todos los días, religiosamente, el salía caminando desde su casa, en la calle Durango hasta la Preparatoria Rebsamen, en la Av. José Alfredo Jiménez; en ocasiones yo me lo encontraba de frente y se detenía para saludarme y conversar un poco; siempre con ese don de gentes que lo caracterizó, me atendía y seguía su camino. \nSeguramente que, así como yo, cientos de dolorenses, de varias generaciones, guardamos un grato recuerdo y un sincero agradecimiento al Maestro Piedra por haber compartido con nosotros su inmenso conocimiento. En realidad esa es la vocación del profesor, compartir de manera generosa y gratuita el conocimiento con los alumnos, y eso fue lo que este gran hombre hizo a lo largo de su vida. \nDice San Agustín que cuando aprendemos un conocimiento de los grandes sabios de la antigüedad somos como enanos que vamos sobre los hombros de gigantes, y así podemos ver todo lo que el gigante ve y aún más. Sin duda el Profesor Jesús Gregorio Piedra Balderrama fue un Gigante en la educación de mi natal Dolores Hidalgo. \n\nVaya pues para él, desde la distancia, mi reconocimiento, gratitud y admiración. \nHasta siempre querido maestro, hasta siempre amigo. QEPD.",1,,,,,,,,,,,,,,5616,5616,0,7630,7630,0,96,66,80,1,1,7046,5252,0,0,83,0,0,0,0,0,0,0,0,0,0,2,42,,2,42,,38,3,29,,46,3,31,,1,,,1,,
,,,156979312599349_158053689158578,"FUIMOS COMPAÑEROS EN LA ETA 372 (HOY TEC 16).\nQEPD.\nMI ESPOSA LA MTRA LUPITA Y YO, LES MÁNDAMOS A LA FAMILIA NUESTRO PÉSAME POR LA PERDIDA DE ESTE GRAN HOMBRE.\nDIOS LOS BENDICE.",1,,,,,,,,,,,,,1.09E+14,10493,10493,0,14737,14737,0,199,139,169,4,4,11506,8185,0,0,166,0,0,0,0,0,0,0,0,0,0,27,64,2,34,65,2,66,76,2,,83,84,2,,1,3,,1,3,
,,,,,,,,,,,,,,,,,,,8195,8195,0,11647,11647,0,182,130,154,1,1,8926,6441,0,0,156,0,0,0,0,0,0,0,0,0,0,21,59,,22,59,,28,107,,,41,113,,,1,,,1,,
,,,,,,,,,,,,,,,,,,,7453,7453,0,10346,10346,0,227,183,225,1,1,8810,6399,0,0,164,361,363,0,0,1980,2107,0,0,4725,30291,13,47,,13,47,,100,17,,92,112,18,,95,,1,,,1,
,,,,,,,,,,,,,,,,,,,5944,5944,0,8055,8055,0,229,174,236,3,3,5713,4299,0,0,159,4694,5324,0,0,4674,5324,0,0,500,500,18,74,4,18,76,5,110,24,,62,144,27,,65,,3,,,3,
,,,,,,,,,,,,,,,,,,,7670,7670,0,10853,10853,0,146,91,115,3,3,9046,6490,0,0,122,0,0,0,0,0,0,0,0,0,0,12,62,,17,67,,33,62,,,41,74,,,2,1,,2,1,
,,,,,,,,,,,,,,,,,,,9428,9428,0,13014,13014,0,187,131,160,7,7,10259,7236,0,0,156,0,0,0,0,0,0,0,0,0,0,25,64,1,26,65,1,47,91,2,,60,98,2,,3,4,,3,4,
,,,,,,,,,,,,,,,,,,,6074,6074,0,8284,8284,0,155,93,115,2,2,6257,4417,0,0,114,0,0,0,0,0,0,0,0,0,0,21,63,1,23,64,1,44,8,48,,55,10,50,,1,1,,1,1,
,,,,,,,,,,,,,,,,,,,10296,10296,0,14532,14532,0,233,151,183,5,5,12397,8750,0,0,188,0,0,0,0,0,0,0,0,0,0,18,90,1,18,91,1,89,20,53,,100,25,58,,2,3,,2,3,
,,,,,,,,,,,,,,,,,,,5493,5493,0,7415,7415,0,104,65,83,2,2,6394,4487,0,0,95,0,0,0,0,0,0,0,0,0,0,14,42,1,16,43,2,25,40,3,,38,42,3,,1,1,,1,1,
,,,,,,,,,,,,,,,,,,,2088,2088,0,3027,3027,0,42,29,37,0,0,2607,1751,0,0,38,0,0,0,0,144,187,0,0,0,2574101,,16,,,16,,28,,,,36,,,,,,,,,
,,,,,,,,,,,,,,,,,,,4569,4569,0,6850,6850,0,116,96,120,2,2,4360,2859,0,0,64,0,0,0,0,0,0,0,0,0,0,5,22,1,7,23,1,30,76,,,41,79,,,,2,,,2,
,,,,,,,,,,,,,,,,,,,15936,15936,0,26500,26500,0,521,316,403,9,9,19850,11608,0,0,359,0,0,0,0,0,0,0,0,0,0,40,225,8,42,242,12,186,36,132,,218,38,147,,3,6,,3,6,
,,,,,,,,,,,,,,,,,,,7257,7257,0,12086,12086,0,327,224,275,6,6,7836,4569,0,0,265,0,0,0,0,0,0,0,0,0,0,30,132,4,30,135,4,91,151,1,,113,161,1,,3,3,,3,3,
,,,,,,,,,,,,,,,,,,,12461,12461,0,22962,22962,0,356,242,296,7,7,16960,9524,0,0,285,0,0,0,0,0,0,0,0,0,0,29,140,3,32,140,3,96,162,1,,122,173,1,,3,4,,3,4,
,,,,,,,,,,,,,,,,,,,11749,11749,0,18888,18888,0,443,305,363,6,6,11664,7416,0,0,341,0,0,0,0,0,0,0,0,0,0,66,159,6,69,164,9,84,238,,,110,253,,,3,3,,3,3,
,,,,,,,,,,,,,,,,,,,3808,3808,0,6676,6676,0,74,56,82,0,0,6204,3504,0,0,64,0,0,0,0,776,883,0,0,0,2574101,,22,2,,23,2,52,7,,,74,8,,,,,,,,
,,,,,,,,,,,,,,,,,,,158068,35765,119269,476465,62030,414435,3702,3108,4246,16,17,21056,9001,2735,728,813,379,398,86,86,10141,12710,71712,150335,12851,2574101,172,920,153,184,1186,256,1129,65,,2107,1523,76,,2646,2,12,3,2,11,3
,,,,,,,,,,,,,,,,,,,7151,7151,0,12093,12093,0,149,96,127,4,4,10564,6252,0,0,132,0,0,0,0,0,0,0,0,0,0,21,64,2,23,64,2,46,62,,,60,67,,,2,2,,2,2,
,,,,,,,,,,,,,,,,,,,8752,8752,0,14421,14421,0,247,188,232,5,8,13235,8092,0,0,175,151,159,0,0,1855,1936,0,0,4510,40681,14,65,1,14,66,1,91,15,,95,106,17,,109,,8,,,5,
,,,,,,,,,,,,,,,,,,,8844,8844,0,15799,15799,0,202,160,194,4,4,14735,8210,0,0,135,0,0,0,0,0,0,0,0,0,0,8,54,2,8,54,2,49,23,98,,61,23,110,,1,3,,1,3,
,,,,,,,,,,,,,,,,,,,22605,22605,0,37874,37874,0,926,635,799,13,13,27293,16276,0,0,676,0,0,0,0,0,0,0,0,0,0,54,352,9,57,352,11,402,294,,,479,320,,,6,7,,6,7,
,,,,,,,,,,,,,,,,,,,10772,10772,0,18590,18590,0,261,176,226,8,8,14869,8627,0,0,227,0,0,0,0,0,0,0,0,0,0,21,109,2,24,111,2,87,106,,,113,113,,,1,7,,1,7,
,,,,,,,,,,,,,,,,,,,11169,11169,0,18593,18593,0,293,177,229,7,7,15889,9367,0,0,224,0,0,0,0,0,0,0,0,0,0,22,123,7,22,123,7,108,28,65,,125,32,72,,2,5,,2,5,
,,,,,,,,,,,,,,,,,,,1090,1090,0,1816,1816,0,30,11,15,0,0,1568,940,0,0,26,0,0,0,0,0,0,0,0,0,0,4,16,1,4,16,1,6,7,,,8,7,,,,,,,,
,,,,,,,,,,,,,,,,,,,1362,1362,0,2347,2347,0,74,65,78,1,1,2110,1178,0,0,56,85,85,0,0,383,420,0,0,5120,16988,2,12,1,2,13,1,25,6,,40,27,7,,44,1,,,1,,
,,,,,,,,,,,,,,,,,,,6463,6463,0,11545,11545,0,107,55,76,2,2,10616,6011,0,0,99,0,0,0,0,0,0,0,0,0,0,13,56,,13,56,,31,26,,,41,35,,,1,1,,1,1,
,,,,,,,,,,,,,,,,,,,2096,2096,0,3562,3562,0,34,20,27,1,1,3368,1948,0,0,32,0,0,0,0,0,0,0,0,0,0,,16,,6,16,,16,3,3,,21,3,3,,1,,,1,,
,,,,,,,,,,,,,,,,,,,7763,7763,0,13309,13309,0,182,111,126,4,4,11351,6541,0,0,161,0,0,0,0,0,0,0,0,0,0,25,72,2,26,75,2,33,83,,,38,88,,,1,3,,1,3,
,,,,,,,,,,,,,,,,,,,5161,5161,0,9267,9267,0,86,41,47,0,0,8319,4523,0,0,77,0,0,0,0,0,0,0,0,0,0,17,49,,18,51,,18,25,,,19,28,,,,,,,,
,,,,,,,,,,,,,,,,,,,1550,1550,0,2414,2414,0,35,26,31,0,0,2138,1347,0,0,30,0,0,0,0,0,0,0,0,0,0,3,11,,3,11,,8,19,,,11,20,,,,,,,,
,,,,,,,,,,,,,,,,,,,3225,3225,0,7183,7183,0,111,72,97,1,1,6628,2859,0,0,89,0,0,0,0,0,0,0,0,0,0,8,36,1,9,43,1,27,15,35,,36,16,45,,1,,,1,,
,,,,,,,,,,,,,,,,,,,9190,9190,0,16157,16157,0,228,160,186,8,8,14299,8260,0,0,197,0,0,0,0,0,0,0,0,0,0,23,88,1,23,91,1,55,113,,,65,121,,,5,3,,5,3,
,,,,,,,,,,,,,,,,,,,14499,14499,0,24717,24717,0,334,216,323,6,6,20719,12258,0,0,290,0,0,0,0,0,0,0,0,0,0,33,144,12,40,149,23,134,94,,,224,99,,,,6,,,6,
,,,,,,,,,,,,,,,,,,,8802,8802,0,15163,15163,0,194,132,165,4,6,14707,8526,0,0,188,0,0,0,0,0,0,0,0,0,0,,77,,,81,,111,27,,,137,28,,,3,3,,3,2,
,,,,,,,,,,,,,,,,,,,9278,9278,0,16224,16224,0,285,157,177,3,3,14273,8238,0,0,254,0,0,0,0,0,0,0,0,0,0,20,140,,20,140,,44,120,,,51,126,,,3,,,3,,
,,,,,,,,,,,,,,,,,,,29082,29082,0,49356,49356,0,1493,1036,1357,9,9,35513,20553,0,0,1254,0,0,0,0,0,0,0,0,0,0,124,571,7,124,571,7,493,664,,,615,742,,,3,6,,3,6,
,,,,,,,,,,,,,,,,,,,6685,6685,0,11750,11750,0,215,151,171,2,3,10002,5856,0,0,190,0,0,0,0,0,0,0,0,0,0,24,65,2,24,65,3,38,119,,,46,125,,,2,1,,1,1,
,,,,,,,,,,,,,,,,,,,9323,9323,0,16381,16381,0,192,131,174,3,3,14957,8765,0,0,171,0,0,0,0,0,0,0,0,0,0,16,90,2,16,90,5,78,24,47,,98,25,51,,1,2,,1,2,
,,,,,,,,,,,,,,,,,,,15661,15661,0,26131,26131,0,531,375,484,5,5,19914,11878,0,0,423,0,0,0,0,0,0,0,0,0,0,69,203,7,74,203,7,153,260,,,205,279,,,1,4,,1,4,
,,,,,,,,,,,,,,,,,,,10054,10054,0,18244,18244,0,195,111,132,3,3,16196,8996,0,0,173,0,0,0,0,0,0,0,0,0,0,18,100,1,18,101,1,65,51,,,76,56,,,2,1,,2,1,
,,,,,,,,,,,,,,,,,,,10391,10391,0,17668,17668,0,237,167,213,2,2,17158,10052,0,0,217,0,0,0,0,0,0,0,0,0,0,,89,1,,89,1,148,31,,,181,32,,,1,1,,1,1,
,,,,,,,,,,,,,,,,,,,8760,8760,0,16166,16166,0,187,126,154,7,7,13945,7883,0,0,154,0,0,0,0,0,0,0,0,0,0,11,68,2,11,70,4,52,29,54,,63,30,61,,4,3,,4,3,
,,,,,,,,,,,,,,,,,,,2392,2392,0,3628,3628,0,48,30,34,1,1,3336,2225,0,0,39,0,0,0,0,0,0,0,0,0,0,4,20,,4,20,,11,21,,,13,21,,,1,,,1,,
,,,,,,,,,,,,,,,,,,,6371,6371,0,10165,10165,0,183,112,134,1,1,8208,5223,0,0,150,0,0,0,0,0,0,0,0,0,0,27,77,1,28,79,1,49,70,,,58,76,,,1,,,1,,
,,,,,,,,,,,,,,,,,,,7743,7743,0,13349,13349,0,123,81,96,5,5,11881,6910,0,0,105,0,0,0,0,0,0,0,0,0,0,13,53,,14,53,,32,21,35,,38,22,36,,3,2,,3,2,
,,,,,,,,,,,,,,,,,,,14078,14078,0,24551,24551,0,366,264,374,6,6,18548,10808,0,0,254,0,0,0,0,0,0,0,0,0,0,32,143,6,36,147,9,210,2,82,,282,2,90,,2,4,,2,4,
,,,,,,,,,,,,,,,,,,,12928,12928,0,22078,22078,0,342,241,282,2,2,18549,11247,0,0,295,0,0,0,0,0,0,0,0,0,0,29,123,5,33,123,5,107,147,2,,129,151,2,,1,1,,1,1,
,,,,,,,,,,,,,,,,,,,8334,8334,0,14524,14524,0,184,96,119,0,0,10117,5880,0,0,136,0,0,0,0,0,0,0,0,0,0,35,95,1,40,99,1,56,46,,,73,46,,,,,,,,
,,,,,,,,,,,,,,,,,,,14690,14690,0,25355,25355,0,303,198,257,8,10,20806,12394,0,0,248,0,0,0,0,0,0,0,0,0,0,17,125,5,20,128,5,118,95,,,154,103,,,6,4,,5,4,
,,,,,,,,,,,,,,,,,,,7587,7587,0,12360,12360,0,217,155,196,2,2,9660,6160,0,0,154,0,0,0,0,0,0,0,0,0,0,14,75,,17,79,,69,97,,,93,103,,,1,1,,1,1,
,,,,,,,,,,,,,,,,,,,3434,3434,0,5227,5227,0,30,17,20,2,2,4935,3192,0,0,27,0,0,0,0,0,0,0,0,0,0,2,17,,2,17,,10,9,,,11,9,,,1,1,,1,1,
,,,,,,,,,,,,,,,,,,,12810,12810,0,22982,22982,0,268,205,325,12,12,17482,9691,0,0,143,0,0,0,0,0,0,0,0,0,0,14,72,12,18,77,19,167,46,,,275,50,,,5,7,,5,7,
