GRADO,GRUPO,"Me ayuda trazar o escribir a mano las palabras cuando tengo que aprenderlas de
memoria.
1 = Nunca
2 = Raramente
3 = Ocasionalmente
4 = Usualmente
5 = Siempre","Recuerdo mejor un tema al escuchar una conferencia en vez de leer un libro de texto
1 = Nunca
2 = Raramente
3 = Ocasionalmente
4 = Usualmente
5 = Siempre","Prefiero las clases que requieren una prueba sobre lo que se lee en el libro de texto
1 = Nunca
2 = Raramente
3 = Ocasionalmente
4 = Usualmente
5 = Siempre","Me gusta comer bocados y mascar chicle, cuando estudio
1 = Nunca
2 = Raramente
3 = Ocasionalmente
4 = Usualmente
5 = Siempre","Al prestar atención a una conferencia, puedo recordar las ideas principales sin anotarlas
1 = Nunca
2 = Raramente
3 = Ocasionalmente
4 = Usualmente
5 = Siempre","Prefiero las instrucciones escritas sobre las orales
1 = Nunca
2 = Raramente
3 = Ocasionalmente
4 = Usualmente
5 = Siempre","Yo resuelvo bien los rompecabezas y los laberintos
1 = Nunca
2 = Raramente
3 = Ocasionalmente
4 = Usualmente
5 = Siempre","Prefiero las clases que requieran una prueba sobre lo que se presenta durante una conferencia
1 = Nunca
2 = Raramente
3 = Ocasionalmente
4 = Usualmente
5 = Siempre","Me ayuda ver diapositivas y videos para comprender un tema
1 = Nunca
2 = Raramente
3 = Ocasionalmente
4 = Usualmente
5 = Siempre","Recuerdo más cuando leo un libro que cuando escucho una conferencia
1 = Nunca
2 = Raramente
3 = Ocasionalmente
4 = Usualmente
5 = Siempre","Por lo general, tengo que escribir los números del teléfono para recordarlos bien
1 = Nunca
2 = Raramente
3 = Ocasionalmente
4 = Usualmente
5 = Siempre","Prefiero recibir las noticias escuchando la radio en vez de leerlas en un periódico
1 = Nunca
2 = Raramente
3 = Ocasionalmente
4 = Usualmente
5 = Siempre","Me gusta tener algo como un bolígrafo o un lápiz en la mano cuando estudio
1 = Nunca
2 = Raramente
3 = Ocasionalmente
4 = Usualmente
5 = Siempre","Necesito copiar los ejemplos de la pizarra del maestro para examinarlos más tarde
1 = Nunca
2 = Raramente
3 = Ocasionalmente
4 = Usualmente
5 = Siempre","Prefiero las instrucciones orales del maestro a aquellas escritas en un examen o en la
pizarra

1 = Nunca
2 = Raramente
3 = Ocasionalmente
4 = Usualmente
5 = Siempre"," Prefiero que un libro de texto tenga diagramas gráficos y cuadros porque me ayudan
mejor a entender el material

1 = Nunca
2 = Raramente
3 = Ocasionalmente
4 = Usualmente
5 = Siempre","Me gusta escuchar música al estudiar una obra, novela, etc.
1 = Nunca
2 = Raramente
3 = Ocasionalmente
4 = Usualmente
5 = Siempre","Tengo que apuntar listas de cosas que quiero hacer para recordarlas
1 = Nunca
2 = Raramente
3 = Ocasionalmente
4 = Usualmente
5 = Siempre","Puedo corregir mi tarea examinándola y encontrando la mayoría de los errores
1 = Nunca
2 = Raramente
3 = Ocasionalmente
4 = Usualmente
5 = Siempre","Prefiero leer el periódico en vez de escuchar las noticias
1 = Nunca
2 = Raramente
3 = Ocasionalmente
4 = Usualmente
5 = Siempre","Puedo recordar los números de teléfono cuando los oigo
1 = Nunca
2 = Raramente
3 = Ocasionalmente
4 = Usualmente
5 = Siempre","Gozo el trabajo que me exige usar la mano o herramientas
1 = Nunca
2 = Raramente
3 = Ocasionalmente
4 = Usualmente
5 = Siempre","Cuando escribo algo, necesito leerlo en voz alta para oír como suena
1 = Nunca
2 = Raramente
3 = Ocasionalmente
4 = Usualmente
5 = Siempre","Puedo recordar mejor las cosas cuando puedo moverme mientras estoy aprendiéndolas,
por ej. caminar al estudiar, o participar en una actividad que me permita moverme, etc.

1 = Nunca
2 = Raramente
...",Visual pts,Auditivo Pts,Kinestesico pts,Estilo de Aprendizaje,Kinestesic,Auditive,Visual
1,G,1,1,1,1,1,3,5,3,1,5,3,5,5,5,3,5,5,5,5,1,3,4,3,3,19,21,26,Kinetesico,1,0,0
1,D,5,4,3,1,2,2,3,3,4,2,3,3,3,4,2,4,4,5,1,2,2,3,4,2,23,21,16,Visual,0,0,1
1,A,3,2,5,1,2,3,2,5,3,2,5,5,5,2,2,5,1,5,1,2,1,3,5,1,23,18,18,Visual,0,0,1
1,B,1,3,4,1,3,4,5,4,3,5,4,4,5,5,4,3,1,5,5,3,4,5,5,3,26,24,28,Kinetesico,1,0,0
1,F,2,5,5,2,5,4,5,5,4,2,1,2,5,3,2,4,3,3,5,3,5,5,5,3,21,27,30,Kinetesico,1,0,0
1,F,3,2,3,2,4,4,4,2,3,3,1,2,4,2,2,4,2,2,4,2,4,3,2,2,19,18,21,Kinetesico,1,0,0
1,E,1,5,5,1,3,4,5,3,5,2,3,3,5,4,4,5,2,4,4,2,2,4,5,1,24,24,23,Kinetesico,1,0,0
1,L,3,3,3,2,2,3,5,3,2,2,2,5,5,2,3,4,1,1,3,2,2,2,1,2,17,17,22,Kinetesico,1,0,0
1,I,4,2,2,4,5,2,3,2,4,5,2,2,4,3,5,2,5,5,4,5,3,2,2,3,22,24,22,Auditivo,0,1,0
1,L,4,3,2,4,2,2,4,2,5,2,1,3,5,4,4,3,4,1,5,2,5,4,5,3,20,26,27,Kinetesico,1,0,0
1,B,4,4,3,1,2,4,5,4,5,4,4,3,5,4,3,4,3,5,4,2,4,5,4,4,28,23,28,Kinetesico,1,0,0
1,C,5,4,3,1,3,1,4,1,5,4,4,2,1,5,4,4,1,3,2,3,1,5,3,1,27,18,15,Visual,0,0,1
1,C,5,3,3,1,4,2,4,3,5,4,4,4,2,3,2,4,1,4,2,4,2,4,3,1,26,19,17,Visual,0,0,1
1,K,3,3,5,5,3,3,4,3,5,2,4,5,5,4,3,5,3,1,2,2,2,5,4,2,26,23,26,Kinetesico,1,0,0
1,E,2,4,4,1,4,4,4,5,4,3,3,3,5,3,2,3,5,3,4,2,2,5,2,2,23,22,26,Kinetesico,1,0,0
1,J,2,2,4,1,5,5,5,5,4,4,4,4,5,5,4,4,1,2,5,3,4,4,4,1,28,24,26,Visual,0,0,1
1,C,2,4,5,2,2,4,2,3,5,3,1,2,5,2,2,3,2,1,2,2,3,2,2,2,22,17,18,Visual,0,0,1
1,D,5,4,5,1,3,5,4,5,4,3,4,5,4,4,1,3,1,1,5,1,2,3,2,2,30,18,24,Visual,0,0,1
1,A,1,3,3,5,4,5,4,2,3,4,4,5,5,5,1,5,2,4,5,1,1,3,5,4,25,21,28,Kinetesico,1,0,0
1,L,3,2,4,2,3,4,5,4,5,5,3,5,5,4,3,5,5,4,4,1,3,4,3,2,28,24,26,Visual,0,0,1
1,J,2,2,5,1,3,5,4,3,2,2,2,2,2,2,3,2,5,3,5,3,2,3,5,2,20,22,20,Auditivo,0,1,0
1,B,5,5,3,1,2,5,5,3,5,3,5,3,5,5,3,5,5,3,5,3,2,5,5,5,31,25,29,Visual,0,0,1
1,C,5,2,5,5,2,5,5,2,5,5,5,5,5,5,5,5,3,4,3,1,3,5,3,3,35,23,28,Visual,0,0,1
1,C,5,5,5,5,5,5,5,5,5,5,5,5,5,5,1,5,5,5,1,1,1,5,1,1,35,23,27,Visual,0,0,1
1,C,3,3,3,5,3,3,3,3,5,5,1,1,5,5,5,5,3,5,3,1,3,2,3,3,25,21,24,Visual,0,0,1
1,G,3,2,4,1,4,5,4,2,3,5,2,4,5,3,4,4,1,2,5,1,4,4,2,3,25,21,24,Visual,0,0,1
1,C,5,3,5,1,4,5,2,5,5,5,5,5,5,5,2,5,2,5,5,2,2,5,5,5,35,23,28,Visual,0,0,1
1,J,5,3,4,3,1,2,5,5,4,4,5,5,5,5,2,5,5,3,3,2,5,4,3,2,29,24,27,Visual,0,0,1
1,G,4,4,3,2,3,4,5,4,4,3,3,4,5,3,2,3,4,2,4,2,4,4,2,2,24,23,26,Kinetesico,1,0,0
1,B,5,4,4,5,4,5,5,4,5,5,2,1,5,5,3,5,5,1,4,5,4,5,4,3,31,25,31,Kinetesico,1,0,0
1,L,4,1,5,2,1,5,3,2,4,5,5,2,1,4,1,5,3,5,1,5,1,2,5,1,32,14,12,Visual,0,0,1
1,K,5,4,5,1,1,2,5,4,3,2,5,2,5,5,5,5,1,5,5,1,5,5,1,1,27,19,26,Visual,0,0,1
1,E,1,2,4,2,3,2,5,3,4,4,5,2,4,3,2,4,2,1,3,2,4,4,4,3,23,19,24,Kinetesico,1,0,0
1,E,4,2,4,2,3,4,5,4,2,2,3,3,4,3,3,2,3,3,4,2,4,3,4,4,22,22,26,Kinetesico,1,0,0
1,A,3,4,5,2,2,5,4,3,4,3,2,4,5,4,3,4,5,2,3,1,1,3,2,3,26,21,23,Visual,0,0,1
1,E,2,2,3,1,2,3,4,3,3,4,5,4,4,5,2,4,2,2,4,2,1,4,3,2,25,16,22,Visual,0,0,1
1,E,3,2,3,1,3,4,4,5,2,4,5,3,4,5,2,4,2,2,5,2,1,3,3,2,26,16,24,Visual,0,0,1
1,E,2,2,3,1,3,3,4,3,3,4,5,3,4,5,2,4,2,2,4,3,1,4,3,2,25,16,22,Visual,0,0,1
1,G,5,5,4,2,5,4,4,5,4,4,2,3,5,4,4,4,3,2,5,5,5,5,2,4,27,27,30,Kinetesico,1,0,0
1,A,4,3,4,2,3,3,2,3,3,3,1,3,4,3,3,4,3,2,2,3,3,3,3,4,21,21,20,Kinetesico,1,0,0
1,B,4,5,3,1,4,3,3,4,5,4,1,3,5,3,4,2,1,2,2,3,4,4,2,4,23,23,23,Kinetesico,1,0,0
1,E,3,3,5,1,2,3,2,4,3,5,3,5,5,5,5,3,1,2,2,1,2,4,5,2,27,23,20,Visual,0,0,1
1,G,3,4,2,2,2,5,5,4,2,4,5,5,5,3,3,2,4,5,5,2,2,3,4,2,24,24,26,Kinetesico,1,0,0
1,H,3,2,2,1,4,3,3,4,5,4,3,2,5,5,3,5,4,3,5,2,3,5,1,2,25,19,25,Kinetesico,1,0,0
1,G,3,4,3,2,3,2,3,2,4,2,2,3,5,3,4,4,3,1,4,2,4,2,2,2,19,23,20,Auditivo,0,1,0
1,B,5,4,3,1,4,4,3,2,5,4,4,3,5,5,5,3,4,5,5,2,4,4,5,4,30,29,24,Visual,0,0,1
1,L,2,2,3,1,1,3,2,2,4,4,5,1,5,2,5,5,2,5,2,3,1,4,5,3,23,17,19,Visual,0,0,1
1,B,4,2,5,1,5,5,5,4,4,5,3,4,5,5,3,4,1,4,4,4,2,4,4,2,31,21,25,Visual,0,0,1
1,I,2,5,5,2,2,4,5,2,5,2,1,1,5,2,3,5,5,1,4,5,2,2,1,2,21,19,22,Kinetesico,1,0,0
1,C,3,4,2,2,1,5,5,4,3,5,5,2,5,4,5,4,1,5,3,2,1,4,4,2,27,18,25,Visual,0,0,1
1,D,2,3,3,1,4,2,3,4,5,3,4,3,5,3,2,3,4,2,3,3,3,4,2,2,22,21,22,Kinetesico,1,0,0
1,A,3,2,3,2,2,3,2,3,2,3,4,3,4,4,4,3,2,4,2,3,2,3,4,4,22,19,20,Visual,0,0,1
1,F,5,3,4,2,1,5,5,5,4,5,5,4,3,3,2,4,4,1,4,2,4,3,4,4,31,22,26,Visual,0,0,1
1,J,5,5,3,5,2,2,4,5,5,5,5,5,5,5,5,5,2,5,5,5,2,5,5,5,30,26,34,Kinetesico,1,0,0
1,D,4,2,5,2,3,5,5,4,5,4,5,4,4,5,1,5,2,3,5,2,1,4,5,4,33,18,28,Visual,0,0,1
1,G,1,4,5,1,3,3,5,3,4,1,2,5,5,5,3,5,4,4,5,1,3,2,1,5,21,23,26,Kinetesico,1,0,0
1,A,5,4,5,1,4,5,5,4,5,5,5,5,5,5,5,5,5,5,5,5,5,5,5,5,35,33,30,Visual,0,0,1
1,A,5,3,4,1,4,5,5,4,5,5,4,4,5,5,4,3,1,4,5,4,1,5,4,3,33,21,28,Visual,0,0,1
1,L,2,5,5,1,5,5,5,5,5,5,1,4,5,5,2,5,5,4,5,2,5,5,2,5,28,28,31,Kinetesico,1,0,0
1,I,5,5,4,1,1,5,4,5,5,1,5,1,5,5,2,5,1,5,5,5,1,5,5,1,30,16,26,Visual,0,0,1
1,H,3,3,5,4,3,4,5,4,2,2,2,5,5,3,4,4,4,4,4,2,4,5,2,4,21,25,31,Kinetesico,1,0,0
1,B,5,4,3,2,3,5,5,4,5,3,4,5,2,5,4,5,5,5,4,1,1,4,4,4,30,26,25,Visual,0,0,1
1,I,3,2,4,5,1,2,5,2,4,5,5,2,5,3,2,3,5,5,4,1,2,1,5,3,26,19,25,Visual,0,0,1
1,D,3,3,4,2,2,3,5,2,5,4,5,3,4,5,3,3,4,4,3,2,1,3,5,2,29,21,21,Visual,0,0,1
1,E,3,4,4,2,3,4,4,3,3,4,4,3,4,4,3,4,4,3,4,2,5,3,3,3,26,25,23,Visual,0,0,1
1,E,2,1,5,2,1,4,1,5,4,5,2,5,4,3,2,4,2,3,5,1,4,5,5,4,25,20,26,Kinetesico,1,0,0
1,B,2,4,2,1,2,4,2,2,4,3,5,3,5,4,4,4,2,2,2,3,2,3,4,3,24,21,18,Visual,0,0,1
1,B,5,3,2,1,2,4,2,1,2,5,3,4,5,5,4,2,5,2,2,3,4,2,5,2,26,27,15,Auditivo,0,1,0
1,B,3,2,2,3,3,3,2,4,1,1,1,3,4,3,2,3,1,3,2,4,2,3,1,2,14,14,20,Kinetesico,1,0,0
1,B,4,3,4,1,3,4,4,3,4,5,2,1,5,4,3,3,1,2,4,5,3,3,2,2,27,16,22,Visual,0,0,1
1,J,3,4,3,1,2,5,4,5,4,2,3,4,5,1,1,4,5,2,4,2,3,3,2,5,21,21,27,Kinetesico,1,0,0
1,B,5,2,1,1,3,5,4,2,2,2,5,5,4,4,5,3,5,5,4,1,2,3,3,1,24,25,19,Auditivo,0,1,0
1,A,5,3,3,1,1,5,5,4,3,4,4,5,5,2,3,2,2,5,2,1,3,5,4,2,26,21,24,Visual,0,0,1
1,D,5,5,4,2,4,5,4,2,5,3,3,2,5,4,1,3,1,1,4,5,3,5,5,1,29,21,23,Visual,0,0,1
1,I,1,5,3,4,1,5,3,5,3,1,3,5,5,5,5,3,1,3,4,1,3,2,1,5,21,21,28,Kinetesico,1,0,0
1,J,3,4,5,1,1,5,4,5,5,1,4,1,5,5,4,5,1,5,1,1,1,2,5,1,28,17,19,Visual,0,0,1
1,F,2,2,2,1,1,2,3,2,2,3,2,2,5,2,1,4,5,1,2,1,2,5,5,2,15,18,20,Kinetesico,1,0,0
1,G,5,5,2,1,5,5,4,5,5,5,5,5,3,5,5,5,5,5,5,5,5,5,5,5,32,35,28,Auditivo,0,1,0
1,K,5,4,5,1,5,5,3,4,5,4,5,4,5,5,4,5,5,5,4,4,5,5,1,1,34,28,23,Visual,0,0,1
1,J,1,4,1,3,4,5,5,1,1,4,1,5,5,5,1,5,1,1,3,1,5,3,1,5,18,21,25,Kinetesico,1,0,0
1,A,4,1,4,1,1,5,4,4,2,1,5,5,5,4,5,1,5,5,4,1,1,4,2,4,25,20,26,Kinetesico,1,0,0
1,F,5,4,3,1,3,5,5,5,1,2,1,2,5,2,5,4,2,2,5,4,5,5,2,3,19,23,29,Kinetesico,1,0,0
1,L,3,5,3,1,3,2,5,3,5,5,2,3,5,5,2,3,1,3,5,2,4,5,2,5,25,20,29,Kinetesico,1,0,0
1,H,2,2,2,2,4,3,3,2,3,3,2,2,3,3,2,4,2,2,3,2,3,3,3,3,18,18,19,Kinetesico,1,0,0
1,I,3,5,3,2,4,3,5,5,5,3,2,5,1,2,3,5,1,1,3,1,4,3,3,4,21,25,23,Auditivo,0,1,0
1,I,2,2,3,5,2,3,5,3,5,1,2,5,5,3,2,4,5,5,2,1,2,2,5,2,19,23,24,Kinetesico,1,0,0
1,F,2,3,3,2,2,4,5,1,3,2,2,3,4,3,2,2,1,2,2,1,2,2,4,1,19,17,17,Visual,0,0,1
1,F,3,4,4,1,4,3,4,2,5,2,4,2,4,3,3,2,5,2,4,4,3,3,4,2,24,25,20,Auditivo,0,1,0
1,A,5,1,2,3,1,5,4,1,4,5,3,4,1,5,1,4,3,1,1,4,2,5,3,1,29,15,16,Visual,0,0,1
1,A,4,4,5,1,4,3,5,1,5,5,3,1,5,3,5,3,1,3,3,3,1,3,1,1,28,17,19,Visual,0,0,1
1,K,4,3,4,1,1,3,5,4,5,2,3,5,5,5,2,2,4,1,4,3,2,4,2,2,26,19,25,Visual,0,0,1
1,K,2,2,4,1,2,2,4,2,5,4,4,2,5,5,2,2,5,1,3,2,2,4,2,4,26,17,23,Visual,0,0,1
1,D,5,3,5,1,3,5,5,3,3,2,2,2,5,3,2,3,5,3,5,2,2,4,2,4,25,19,27,Kinetesico,1,0,0
1,L,5,5,2,5,2,5,5,5,5,2,5,5,5,5,1,4,5,1,4,1,2,1,2,4,29,22,29,Kinetesico,1,0,0
1,L,4,5,2,5,4,5,5,4,4,5,5,4,4,5,2,4,5,4,5,2,1,2,2,4,30,23,29,Visual,0,0,1
1,A,4,3,2,1,3,4,3,3,4,3,4,5,4,5,2,4,4,2,4,1,2,4,5,4,26,24,23,Visual,0,0,1
1,J,2,5,2,1,2,2,1,2,3,1,1,5,5,2,4,4,1,2,3,1,5,4,4,4,13,26,20,Auditivo,0,1,0
1,I,3,3,2,2,2,3,2,2,3,2,1,3,5,4,5,3,1,1,4,2,2,3,4,1,18,20,19,Auditivo,0,1,0
1,I,3,3,3,2,2,3,2,2,3,2,1,2,5,3,3,4,1,1,4,2,4,2,3,1,18,18,18,Kinetesico,1,0,0
1,D,5,3,2,2,5,3,4,2,2,2,3,4,2,2,3,2,2,4,5,2,3,3,4,5,19,24,23,Auditivo,0,1,0
1,J,2,2,3,1,2,3,4,2,1,2,5,4,5,4,4,2,5,5,5,1,1,4,2,2,20,20,23,Kinetesico,1,0,0
1,C,5,3,4,2,3,5,4,5,2,5,2,3,2,5,5,5,2,3,3,3,2,4,3,5,28,21,25,Visual,0,0,1
1,F,4,4,3,2,3,4,3,4,4,2,2,2,5,4,2,4,4,2,4,2,2,3,3,2,23,20,23,Kinetesico,1,0,0
1,L,4,1,4,1,2,2,2,2,4,3,5,5,5,5,3,3,4,2,3,1,3,4,4,3,27,22,20,Visual,0,0,1
1,B,3,4,3,2,2,5,4,3,2,3,2,2,3,3,2,4,2,1,2,2,4,3,2,3,21,18,20,Visual,0,0,1
1,C,1,4,4,1,2,4,2,5,3,3,2,3,5,3,5,4,2,4,3,2,3,3,4,2,20,23,21,Auditivo,0,1,0
1,H,4,4,5,1,4,5,4,4,4,2,4,4,5,4,5,4,4,1,5,3,4,5,1,3,28,26,27,Visual,0,0,1
1,D,5,2,5,1,5,5,5,5,5,5,3,2,5,5,5,5,5,2,5,4,1,5,2,5,33,22,31,Visual,0,0,1
1,A,1,2,3,2,3,4,4,3,3,3,4,3,5,2,2,2,4,2,2,3,4,3,3,4,20,21,23,Kinetesico,1,0,0
1,E,2,3,1,1,2,5,2,5,4,5,2,1,5,4,1,5,1,5,3,1,3,2,5,5,23,16,23,Kinetesico,1,0,0
1,L,1,1,5,1,5,5,5,5,5,4,5,3,5,5,3,5,3,3,4,3,5,5,5,5,30,25,30,Kinetesico,1,0,0
1,F,5,3,5,3,1,4,3,5,4,2,5,2,2,4,2,4,2,3,2,2,1,2,4,2,29,15,19,Visual,0,0,1
1,H,4,2,1,3,3,5,3,2,4,4,3,1,3,5,1,5,5,1,2,1,4,2,3,1,26,19,16,Visual,0,0,1
1,L,5,2,2,1,2,5,5,3,2,5,2,2,4,2,4,2,1,2,5,4,2,5,2,4,23,15,27,Kinetesico,1,0,0
1,J,3,2,5,3,2,4,3,5,4,5,3,4,5,5,4,4,5,5,4,3,4,4,4,4,29,25,28,Visual,0,0,1
1,J,3,2,5,2,2,5,3,5,4,5,2,4,5,4,4,5,5,3,4,5,3,4,4,3,28,24,26,Visual,0,0,1
1,E,3,1,3,5,1,2,4,2,5,5,4,2,4,5,3,3,5,5,4,3,3,4,2,4,27,17,27,Kinetesico,1,0,0
1,B,3,3,5,1,3,2,5,5,5,2,1,1,3,5,5,5,5,5,5,1,5,1,5,5,23,27,25,Auditivo,0,1,0
1,B,4,5,5,1,1,4,4,5,4,4,5,4,5,5,4,4,2,4,4,4,2,4,5,4,31,23,27,Visual,0,0,1
1,E,2,3,5,4,4,4,4,4,2,5,5,2,5,5,4,5,5,4,4,4,1,5,3,1,28,22,27,Visual,0,0,1
1,J,1,1,2,1,2,2,3,3,2,4,4,3,4,4,2,3,1,2,5,1,3,4,2,4,19,14,24,Kinetesico,1,0,0
1,I,5,4,2,1,4,2,2,5,5,4,4,5,5,4,5,5,5,4,5,5,5,4,5,5,26,33,27,Auditivo,0,1,0
1,H,4,3,3,1,3,3,5,2,4,3,1,5,3,3,5,4,5,4,3,2,2,4,2,3,21,25,21,Auditivo,0,1,0
1,B,4,2,5,2,3,1,3,5,4,4,2,4,5,2,2,4,1,5,5,2,4,5,1,1,22,17,26,Kinetesico,1,0,0
1,L,4,4,5,1,3,4,5,3,5,4,5,3,1,5,5,5,1,5,3,1,3,5,5,3,32,24,21,Visual,0,0,1
1,L,3,4,5,2,2,5,3,3,5,5,5,5,5,5,2,5,2,5,4,1,1,4,5,1,33,21,22,Visual,0,0,1
1,A,2,4,5,1,2,5,5,5,5,2,5,3,5,4,5,5,2,4,5,5,1,4,3,2,28,20,27,Visual,0,0,1
1,G,4,3,2,4,2,5,5,4,1,1,5,4,3,3,1,1,5,5,2,1,1,2,4,4,21,20,24,Kinetesico,1,0,0
1,G,3,2,4,1,1,5,5,2,2,2,4,2,4,3,3,2,2,3,3,2,4,2,2,2,23,16,19,Visual,0,0,1
1,B,5,4,5,3,4,3,3,4,3,3,3,3,5,5,5,3,5,3,4,3,5,4,4,3,27,30,26,Auditivo,0,1,0
1,J,3,4,4,2,3,4,4,5,2,2,4,5,5,3,5,5,1,2,3,2,2,4,4,5,22,24,28,Kinetesico,1,0,0
1,D,3,4,5,1,3,5,3,3,3,4,1,3,4,4,3,3,3,3,3,3,4,4,4,3,25,24,21,Visual,0,0,1
1,H,4,4,4,4,4,4,4,4,3,3,2,5,5,3,2,3,4,4,4,2,3,3,4,2,23,26,26,Kinetesico,1,0,0
1,B,4,4,3,4,2,4,2,3,5,2,2,3,5,4,2,5,1,4,3,4,3,5,4,4,24,19,26,Kinetesico,1,0,0
1,A,4,4,2,2,5,2,5,3,4,2,1,2,5,5,4,5,5,3,5,1,5,4,3,4,20,28,28,Kinetesico,1,0,0
1,E,1,5,4,2,3,4,3,3,5,2,3,2,5,5,4,4,1,1,4,2,5,4,1,2,24,21,23,Visual,0,0,1
1,F,5,4,5,1,3,5,3,4,5,3,5,3,5,3,4,2,1,3,5,2,2,5,5,3,31,22,26,Visual,0,0,1
1,F,2,3,3,2,2,4,2,2,4,3,5,5,3,4,4,2,1,2,4,4,1,4,5,4,25,21,21,Visual,0,0,1
1,D,5,5,5,2,5,5,4,5,4,2,2,5,5,5,1,5,3,4,5,1,2,3,5,4,28,26,28,Kinetesico,1,0,0
1,F,4,1,5,4,4,5,3,5,1,1,1,5,5,5,3,4,5,4,5,1,1,5,1,5,22,20,32,Kinetesico,1,0,0
1,F,4,3,2,4,4,2,4,3,2,3,1,4,2,5,3,4,2,4,2,4,3,2,4,3,19,23,20,Auditivo,0,1,0
1,J,2,3,3,1,1,5,5,3,5,2,5,5,5,5,5,5,1,5,5,1,1,3,3,5,27,19,27,Kinetesico,1,0,0
1,K,5,4,1,2,1,2,3,3,4,2,5,5,5,5,3,2,2,4,3,3,1,3,3,3,24,19,22,Visual,0,0,1
1,F,5,4,5,1,1,5,4,5,5,5,4,4,5,4,5,4,4,5,5,4,2,4,5,4,33,25,28,Visual,0,0,1
1,C,5,1,5,1,2,5,5,1,4,1,1,1,5,4,5,5,1,5,3,1,1,5,5,3,25,16,23,Visual,0,0,1
1,K,2,4,5,2,4,3,5,4,2,4,1,1,5,4,3,4,1,1,4,2,2,3,2,2,21,17,25,Kinetesico,1,0,0
1,D,3,5,5,1,5,5,4,4,4,4,5,5,3,3,2,5,5,2,2,1,2,2,3,5,29,27,21,Visual,0,0,1
1,G,2,3,5,3,4,2,5,5,5,3,5,2,4,2,3,4,2,3,4,2,4,5,2,2,24,20,28,Kinetesico,1,0,0
1,K,5,4,5,1,5,4,5,3,3,3,3,3,3,5,3,5,1,3,3,3,2,5,2,1,28,20,21,Visual,0,0,1
1,K,5,5,3,1,3,3,5,3,3,3,3,3,5,5,3,3,1,3,3,3,2,2,2,1,25,19,20,Visual,0,0,1
1,K,5,3,3,1,3,3,5,4,4,3,3,2,4,5,3,3,1,4,5,3,5,5,2,2,26,19,26,Kinetesico,1,0,0
1,L,3,4,5,2,3,4,3,2,5,2,2,5,5,4,3,4,5,4,2,1,3,4,5,5,25,28,23,Auditivo,0,1,0
1,A,4,3,4,1,2,5,4,4,5,5,5,1,5,5,5,5,5,4,4,5,2,5,5,1,33,23,24,Visual,0,0,1
1,G,4,3,3,3,3,3,5,2,5,5,5,1,3,1,5,5,3,3,2,1,3,5,3,3,26,21,23,Visual,0,0,1
1,I,3,3,5,3,2,5,4,5,5,5,3,3,4,2,3,5,4,1,5,3,2,4,3,2,28,20,27,Visual,0,0,1
1,L,4,5,5,1,4,4,3,4,4,4,5,4,2,5,5,4,5,5,3,2,2,2,5,4,31,30,19,Visual,0,0,1
1,L,4,4,4,2,5,5,4,4,5,4,5,4,2,5,4,5,2,5,5,4,5,4,5,4,32,29,25,Visual,0,0,1
1,E,4,1,3,1,4,5,4,2,3,3,3,4,2,1,1,1,1,3,2,1,3,3,1,1,22,15,15,Visual,0,0,1
1,K,1,2,5,5,1,1,4,5,3,3,2,4,5,3,4,5,2,1,2,1,2,5,3,3,18,18,29,Kinetesico,1,0,0
1,K,3,3,5,5,3,3,4,3,4,2,4,2,5,4,3,5,3,1,3,4,2,5,3,3,25,19,28,Kinetesico,1,0,0
1,F,5,1,3,4,3,3,4,3,4,3,3,3,4,3,3,4,3,4,5,3,2,3,3,3,24,18,26,Kinetesico,1,0,0
1,I,5,5,4,1,4,2,4,4,5,2,3,5,4,3,4,4,2,2,5,2,4,4,3,1,24,27,23,Auditivo,0,1,0
1,H,3,3,2,2,2,3,3,2,5,3,5,2,2,2,4,3,5,2,2,2,2,2,1,1,23,19,14,Visual,0,0,1
1,D,5,5,3,1,5,1,3,4,4,4,1,1,3,5,5,5,1,5,5,3,1,3,3,3,23,21,22,Visual,0,0,1
1,H,2,4,2,5,2,3,2,4,5,1,5,2,5,2,4,2,2,3,2,2,4,4,2,2,20,20,24,Kinetesico,1,0,0
1,H,2,4,4,5,2,2,2,4,2,2,4,2,5,5,4,2,5,1,2,2,1,2,5,2,21,23,22,Auditivo,0,1,0
1,G,5,3,4,1,3,3,5,4,4,3,5,3,5,4,4,3,2,2,3,2,2,4,3,3,28,20,25,Visual,0,0,1
1,J,3,4,4,2,4,2,3,3,2,4,3,3,2,3,3,3,4,3,3,2,4,3,1,1,21,23,17,Auditivo,0,1,0
1,C,4,2,3,1,4,3,5,4,3,4,2,3,1,2,3,5,4,3,3,2,4,5,5,5,21,25,24,Auditivo,0,1,0
1,C,3,2,3,1,3,5,2,1,2,5,5,2,5,5,2,2,5,4,2,1,2,2,5,3,28,21,16,Visual,0,0,1
1,C,2,2,3,1,3,5,1,2,3,3,2,5,5,5,2,3,5,4,3,5,2,2,5,5,23,24,19,Auditivo,0,1,0
1,C,4,1,1,5,4,4,3,4,2,2,4,2,5,3,2,5,2,3,4,4,2,4,5,4,20,18,29,Kinetesico,1,0,0
1,C,2,4,5,1,3,2,5,5,4,2,4,4,2,2,4,4,3,2,4,2,2,4,2,5,21,22,26,Kinetesico,1,0,0
1,I,2,2,5,1,2,4,3,4,3,4,4,4,5,5,4,2,2,1,4,2,5,4,4,2,27,23,23,Visual,0,0,1
1,E,4,3,5,1,2,4,3,4,4,5,5,3,5,4,1,3,4,2,4,4,2,3,1,5,31,16,25,Visual,0,0,1
1,L,4,5,5,1,2,4,3,4,2,2,5,3,4,4,5,5,2,4,5,2,2,2,4,4,26,23,23,Visual,0,0,1
1,L,2,1,5,1,2,5,4,3,5,5,3,5,5,5,2,5,1,5,5,2,3,5,5,5,30,19,28,Visual,0,0,1
1,A,4,3,3,1,4,4,4,3,4,3,2,4,5,4,3,4,2,3,3,2,3,3,2,1,24,21,20,Visual,0,0,1
1,C,2,3,1,1,4,4,3,4,4,2,2,4,5,3,1,4,2,3,4,2,3,2,2,3,18,19,22,Kinetesico,1,0,0
1,J,2,5,4,2,5,2,2,2,5,1,2,2,5,3,2,4,5,2,2,1,2,2,5,2,19,26,17,Auditivo,0,1,0
1,F,3,1,2,1,4,5,2,3,3,2,3,2,5,5,4,4,1,4,5,1,4,3,1,2,23,17,21,Visual,0,0,1
1,G,3,2,4,3,2,2,4,3,5,4,4,4,5,3,2,2,2,2,4,2,2,4,2,2,25,16,25,Kinetesico,1,0,0
1,G,1,3,2,1,5,4,4,2,3,3,2,5,5,5,3,4,4,1,5,2,5,3,4,3,20,29,23,Auditivo,0,1,0
1,H,3,2,2,4,2,3,2,2,2,3,5,1,4,5,4,2,5,4,2,1,1,2,2,2,23,17,18,Visual,0,0,1
1,E,2,2,3,1,2,4,2,2,3,2,3,1,2,3,2,3,2,2,4,3,2,2,1,4,20,12,17,Visual,0,0,1
1,F,4,3,5,2,4,4,4,5,5,4,2,3,5,4,3,5,2,3,4,2,2,4,4,3,28,21,27,Visual,0,0,1
1,G,4,5,2,1,3,4,4,3,2,4,4,5,5,3,2,5,1,2,2,1,1,1,3,1,23,20,17,Visual,0,0,1
1,A,3,2,2,1,2,5,5,4,4,3,2,5,5,4,2,4,3,2,3,1,4,3,2,4,23,20,25,Kinetesico,1,0,0
1,J,3,4,5,1,4,5,5,4,5,5,4,5,5,5,3,5,1,2,5,2,4,5,4,4,32,25,29,Visual,0,0,1
1,E,3,5,5,2,3,4,5,4,4,2,3,5,5,5,5,4,3,1,5,1,2,2,1,1,26,24,24,Visual,0,0,1
1,G,1,2,3,1,3,3,5,2,5,4,3,3,5,5,3,5,2,3,3,3,3,3,3,3,24,19,22,Visual,0,0,1
1,J,5,2,5,2,2,2,5,2,5,5,5,5,5,5,5,5,5,2,5,1,2,5,1,5,32,22,29,Visual,0,0,1
1,D,4,3,5,2,5,3,3,3,3,5,3,3,4,4,5,5,3,3,3,5,3,4,2,3,27,24,22,Visual,0,0,1
1,K,3,5,4,2,2,2,5,3,2,3,3,5,5,5,4,5,2,1,5,1,3,5,1,2,22,22,27,Kinetesico,1,0,0
1,C,5,3,2,4,3,2,4,2,5,4,3,5,5,3,4,2,5,1,2,1,1,3,1,5,24,22,25,Kinetesico,1,0,0
1,E,1,2,2,1,4,2,5,2,1,2,2,2,4,3,2,2,3,2,4,1,4,3,2,1,13,19,20,Kinetesico,1,0,0
1,D,2,3,2,1,3,4,5,2,2,2,5,1,5,4,4,4,1,2,4,2,2,4,1,1,21,15,22,Kinetesico,1,0,0
1,E,3,2,3,2,3,3,4,3,3,2,5,3,4,5,4,4,2,5,5,3,3,3,5,3,24,22,24,Kinetesico,1,0,0
1,G,1,5,5,1,5,4,5,5,3,5,1,5,1,1,3,5,1,1,1,1,5,3,1,1,20,25,17,Auditivo,0,1,0
1,B,3,4,4,2,3,3,3,3,4,3,4,4,4,4,4,3,3,3,3,3,2,3,4,4,25,24,22,Visual,0,0,1
1,C,2,5,3,2,4,3,2,1,4,2,3,1,5,3,2,4,3,3,3,3,3,4,5,2,20,23,19,Auditivo,0,1,0
1,I,5,4,4,2,4,4,5,5,5,3,4,5,4,3,5,4,4,1,4,2,4,4,5,3,28,31,27,Auditivo,0,1,0
1,I,4,5,4,4,4,2,5,5,4,2,3,5,4,4,5,4,4,1,4,3,2,3,5,3,23,30,28,Auditivo,0,1,0
1,E,4,5,2,1,3,3,3,2,3,2,5,5,2,5,4,4,3,5,4,2,2,2,5,4,24,27,18,Auditivo,0,1,0
1,D,3,1,5,2,1,5,2,1,4,5,3,1,2,2,2,5,1,3,5,5,4,1,2,1,27,12,14,Visual,0,0,1
1,H,3,4,3,2,3,2,3,3,4,3,3,3,4,4,2,2,3,3,4,4,3,4,2,2,22,20,22,Kinetesico,1,0,0
1,K,5,3,5,2,3,3,5,2,1,3,2,5,5,1,5,1,5,2,3,1,3,5,1,1,20,25,23,Auditivo,0,1,0
1,K,3,2,1,1,1,5,3,1,2,3,5,2,4,3,4,5,1,1,4,2,2,3,1,3,22,13,19,Visual,0,0,1
1,H,2,4,2,2,4,3,4,2,3,4,3,2,5,4,4,4,2,1,4,1,2,5,5,5,21,23,27,Kinetesico,1,0,0
1,H,5,4,5,1,4,4,4,4,1,4,5,4,5,5,4,5,1,4,4,2,1,5,5,4,29,23,27,Visual,0,0,1
1,H,4,4,1,1,4,4,4,4,5,4,5,4,5,5,4,4,1,4,5,4,4,5,4,4,28,25,28,Kinetesico,1,0,0
1,B,3,5,3,1,3,3,4,3,4,2,2,4,4,3,3,3,3,3,3,2,4,3,3,3,20,25,21,Auditivo,0,1,0
1,C,2,3,2,1,3,4,5,5,2,4,2,5,4,4,3,4,5,3,5,2,4,2,2,4,20,25,26,Kinetesico,1,0,0
1,E,4,3,4,2,4,4,2,5,4,3,3,5,5,5,4,3,5,4,3,2,3,3,2,3,27,26,23,Visual,0,0,1
1,K,3,2,5,2,2,3,3,3,3,4,4,5,3,2,2,4,3,4,4,2,3,4,1,2,24,18,21,Visual,0,0,1
1,K,5,2,5,1,2,4,4,5,4,4,5,3,5,5,3,5,1,5,4,3,2,5,5,2,32,18,26,Visual,0,0,1
1,H,4,2,3,2,2,5,3,3,5,4,5,1,4,5,2,4,4,4,2,1,3,4,5,4,31,19,22,Visual,0,0,1
1,C,4,3,3,1,3,4,5,4,3,4,4,2,5,5,4,3,2,2,4,4,3,5,1,4,27,18,28,Kinetesico,1,0,0
1,A,2,2,3,1,2,4,4,3,3,4,4,2,2,3,4,4,4,2,2,4,3,3,2,1,23,19,16,Visual,0,0,1
1,J,5,4,4,1,4,3,5,4,4,3,2,3,3,4,3,3,2,1,4,3,3,2,2,2,25,21,21,Visual,0,0,1
1,H,4,3,5,4,3,3,5,5,4,3,3,5,5,5,4,4,3,5,5,4,3,2,5,2,27,26,28,Kinetesico,1,0,0
1,F,5,3,2,1,3,2,4,2,4,3,3,3,3,4,4,2,3,2,2,3,2,3,5,2,23,23,17,Kinetesico,1,0,0
1,L,2,2,3,2,3,5,5,3,2,5,5,2,5,5,1,4,5,5,5,1,1,4,5,5,27,19,29,Kinetesico,1,0,0
1,J,2,4,3,1,4,2,3,2,4,4,3,2,4,2,3,3,5,3,4,2,4,2,2,3,20,24,19,Auditivo,0,1,0
1,I,3,2,4,1,4,3,5,3,2,1,4,1,5,2,2,4,5,1,5,2,4,4,2,2,19,20,25,Kinetesico,1,0,0
1,I,3,4,5,1,3,5,4,4,4,3,2,4,4,5,4,5,4,2,5,2,4,3,2,2,27,25,23,Visual,0,0,1
1,H,1,2,2,1,3,3,2,2,2,4,2,1,5,5,4,4,3,1,4,5,4,4,3,1,19,20,19,Auditivo,0,1,0
1,L,2,1,5,1,3,5,3,3,3,4,4,5,5,5,5,4,1,5,3,4,3,5,1,1,28,19,21,Visual,0,0,1
1,H,2,3,3,1,3,2,4,2,3,3,4,3,5,4,4,3,1,5,2,3,2,2,3,4,21,19,20,Visual,0,0,1
1,F,2,2,3,1,2,4,2,3,4,4,5,4,5,5,5,2,5,5,4,5,2,2,5,2,27,25,19,Visual,0,0,1
1,C,3,3,3,3,3,4,3,2,4,3,2,3,4,3,2,3,2,2,4,2,2,2,2,2,22,17,20,Visual,0,0,1
1,B,2,5,1,2,3,4,3,3,3,3,1,5,4,4,3,3,2,5,4,2,3,3,2,1,18,23,20,Auditivo,0,1,0
1,F,2,2,4,1,3,5,2,2,2,2,5,2,2,4,4,4,4,2,4,1,2,2,2,2,24,19,15,Visual,0,0,1
1,J,3,4,4,1,1,5,5,3,5,3,5,5,5,5,3,4,1,5,3,2,1,1,5,2,30,20,20,Visual,0,0,1
1,A,5,5,4,1,5,5,4,4,5,5,5,2,2,5,1,5,4,5,4,4,2,5,1,1,34,20,21,Visual,0,0,1
1,C,4,3,2,1,4,3,5,3,3,2,5,5,5,5,4,3,4,2,4,2,1,3,2,1,24,23,22,Visual,0,0,1
1,K,4,2,2,2,4,1,5,3,2,2,3,5,5,5,4,2,1,4,3,1,1,5,2,1,19,19,24,Kinetesico,1,0,0
1,C,5,4,5,1,3,5,5,5,5,5,3,3,5,5,5,5,5,3,5,5,5,3,5,5,33,30,29,Visual,0,0,1
1,E,2,4,5,5,5,5,5,4,3,2,5,3,4,3,5,5,5,1,2,4,3,5,5,5,25,30,30,Kinetesico,1,0,0
1,J,5,5,2,1,2,5,4,3,5,2,3,4,4,5,5,5,1,3,3,1,3,3,2,1,27,22,19,Visual,0,0,1
1,D,3,5,3,2,3,5,4,5,2,1,3,3,5,5,3,5,5,3,1,2,3,4,5,5,22,27,26,Auditivo,0,1,0
1,C,3,4,4,2,2,3,4,4,4,2,2,3,5,5,2,2,5,2,3,3,2,2,2,2,23,20,22,Visual,0,0,1
1,H,4,2,4,1,4,3,5,2,4,2,1,5,4,3,4,4,2,3,4,2,4,3,4,5,21,25,24,Auditivo,0,1,0
1,C,5,4,5,2,3,4,4,4,5,2,5,4,5,3,4,3,4,2,5,4,2,4,3,3,29,24,27,Visual,0,0,1
1,B,3,2,4,1,1,4,1,2,1,3,3,3,4,3,5,3,5,5,5,3,1,2,3,5,21,20,20,Visual,0,0,1
1,F,5,4,5,1,5,5,5,4,5,3,5,1,5,5,5,2,1,5,5,1,4,5,2,2,33,22,27,Visual,0,0,1
1,F,2,3,5,1,1,5,5,5,5,4,5,1,5,5,5,5,5,1,3,1,1,5,5,5,31,21,29,Visual,0,0,1
1,I,5,3,3,3,2,2,5,2,2,5,3,3,5,3,3,4,1,1,3,5,3,3,2,1,23,17,22,Visual,0,0,1
1,H,3,2,1,2,2,3,5,2,3,2,4,5,2,3,2,5,2,4,3,2,2,3,4,4,19,19,21,Kinetesico,1,0,0
1,C,4,2,5,1,3,5,4,3,5,5,5,4,4,2,4,5,4,3,5,4,2,5,4,3,31,23,25,Visual,0,0,1
1,F,5,5,5,3,3,5,4,4,5,4,3,3,5,5,4,5,3,4,5,3,3,5,3,2,32,24,28,Visual,0,0,1
1,B,2,5,5,1,5,3,5,3,1,5,1,4,3,5,5,5,1,1,5,1,5,5,1,3,22,26,25,Auditivo,0,1,0
1,J,3,3,2,3,2,4,2,2,4,2,5,5,5,5,5,2,5,2,4,3,3,3,5,4,25,28,23,Auditivo,0,1,0
1,H,3,5,2,2,4,3,5,4,3,2,5,5,4,2,3,2,3,2,3,1,1,2,3,3,20,24,23,Auditivo,0,1,0
1,E,2,5,5,2,1,5,2,5,5,1,1,1,2,5,1,5,5,5,2,1,5,5,5,5,24,23,23,Visual,0,0,1
1,J,5,4,3,5,2,4,5,4,3,5,4,4,5,5,5,5,5,5,5,4,3,5,5,4,29,28,33,Kinetesico,1,0,0
1,G,5,5,3,3,3,3,4,3,4,4,4,3,3,4,3,2,4,4,4,2,2,4,1,1,27,21,22,Visual,0,0,1
1,J,4,2,3,1,2,5,1,4,2,1,2,5,5,5,1,5,3,5,4,1,5,5,4,2,22,22,22,Kinetesico,1,0,0
1,K,3,2,2,4,2,3,2,2,3,2,4,5,5,5,2,3,4,2,3,1,2,2,3,2,22,20,20,Visual,0,0,1
1,K,5,2,2,1,2,2,2,2,2,2,4,4,5,5,2,2,3,1,2,1,2,2,5,5,22,20,19,Visual,0,0,1
1,K,4,2,5,1,4,5,5,5,5,2,1,1,5,5,5,5,4,1,5,5,4,5,5,2,27,25,28,Kinetesico,1,0,0
1,F,3,2,2,1,4,5,5,2,5,5,4,3,5,5,4,5,2,2,3,2,2,2,3,1,29,20,19,Visual,0,0,1
1,D,3,4,3,1,3,3,5,4,4,2,2,3,4,5,2,4,5,2,3,2,1,4,5,2,22,23,23,Kinetesico,1,0,0
1,A,5,4,2,5,2,4,3,4,5,3,4,2,5,5,4,4,1,1,3,2,3,5,5,3,28,21,28,Kinetesico,1,0,0
1,H,4,5,4,3,4,3,5,4,3,3,4,4,4,3,3,4,4,2,4,2,2,3,4,3,24,26,26,Kinetesico,1,0,0
1,K,4,3,3,4,3,3,4,2,2,3,3,3,3,2,4,3,4,2,3,2,3,3,3,3,20,23,22,Auditivo,0,1,0
1,E,5,2,5,1,2,4,5,2,5,4,1,2,5,5,4,3,5,5,5,1,1,4,2,2,29,18,24,Visual,0,0,1
1,K,3,4,5,2,4,5,4,3,3,2,5,4,4,4,2,4,2,4,4,2,2,2,4,4,27,22,23,Visual,0,0,1
1,G,4,3,5,2,4,4,4,5,3,2,3,2,5,4,4,3,5,5,4,2,3,2,3,4,25,24,26,Kinetesico,1,0,0
1,J,5,4,5,2,5,5,3,5,3,5,2,3,4,5,5,2,1,3,3,5,3,5,5,3,30,26,25,Visual,0,0,1
1,D,4,4,4,2,3,3,4,3,2,3,3,2,5,5,2,5,5,4,4,3,1,4,2,3,24,19,25,Kinetesico,1,0,0
1,I,2,1,5,1,4,5,5,4,4,5,3,2,5,4,3,5,1,2,5,3,2,3,5,2,28,18,25,Visual,0,0,1
1,B,5,2,5,2,3,4,5,2,3,3,2,4,5,3,3,3,5,3,5,3,3,3,3,5,25,23,27,Kinetesico,1,0,0
1,K,5,4,4,1,4,5,5,4,5,5,4,3,5,5,4,5,2,3,3,3,5,5,2,1,33,24,24,Visual,0,0,1
1,A,5,2,4,1,5,4,5,5,5,2,1,2,5,2,2,5,3,1,5,2,5,5,1,2,23,20,28,Kinetesico,1,0,0
1,A,5,4,4,1,2,5,5,5,5,3,4,4,3,5,3,3,2,3,4,5,4,4,4,2,31,23,24,Visual,0,0,1
1,E,5,5,4,4,2,4,5,5,4,2,1,5,5,2,2,4,2,1,2,2,5,5,5,2,22,26,28,Kinetesico,1,0,0
1,J,2,5,4,1,3,2,5,1,2,1,1,1,3,2,4,1,5,2,3,1,5,1,1,3,14,24,17,Auditivo,0,1,0
1,K,2,3,4,2,3,4,4,3,3,3,2,2,5,2,2,3,2,3,3,1,4,3,2,2,20,18,22,Kinetesico,1,0,0
1,G,2,3,4,1,3,5,5,4,5,4,3,3,5,5,2,4,3,4,4,2,3,5,4,3,28,21,27,Visual,0,0,1
1,H,3,2,5,4,2,3,4,4,4,3,5,2,5,4,2,4,5,4,3,4,2,5,5,3,27,20,28,Kinetesico,1,0,0
1,I,3,4,3,2,3,3,5,3,4,2,4,3,4,3,4,3,2,2,4,2,2,4,5,4,22,23,26,Kinetesico,1,0,0
1,E,2,3,5,3,5,4,5,4,2,2,2,3,4,3,2,3,5,5,4,1,4,3,3,4,20,25,27,Kinetesico,1,0,0
1,E,3,2,5,1,3,5,4,3,2,4,5,2,3,5,1,3,1,1,3,2,1,4,2,1,29,12,19,Visual,0,0,1
1,D,1,1,5,1,1,5,5,5,1,5,5,3,1,5,1,3,1,1,5,3,1,3,1,1,27,9,21,Visual,0,0,1
1,C,5,1,2,1,3,5,5,2,5,2,1,1,5,2,3,5,5,2,4,2,5,5,1,5,22,19,27,Kinetesico,1,0,0
1,C,5,1,5,1,2,2,5,4,5,5,1,1,5,3,3,3,5,4,5,1,5,5,1,5,26,18,30,Kinetesico,1,0,0
1,C,5,2,5,1,2,2,5,2,5,5,1,1,5,2,3,5,5,2,4,1,5,5,1,5,25,19,27,Kinetesico,1,0,0
1,L,4,5,4,5,3,5,2,2,5,5,2,5,5,5,5,5,2,5,5,2,3,2,5,1,30,28,22,Visual,0,0,1
1,L,5,4,4,1,1,5,3,4,4,5,5,3,5,5,5,3,2,2,5,1,2,5,2,3,33,19,26,Visual,0,0,1
1,L,5,4,5,1,5,3,1,3,3,5,5,3,5,5,5,3,1,5,5,3,5,3,5,3,31,28,21,Visual,0,0,1
1,H,3,4,5,1,1,5,3,3,5,4,4,4,5,4,2,5,3,5,5,1,2,2,5,4,30,21,23,Visual,0,0,1
1,K,4,5,3,1,5,3,4,3,5,5,2,4,5,5,4,3,3,2,5,3,2,5,1,3,27,24,26,Visual,0,0,1
1,E,4,4,3,5,3,5,5,2,4,3,2,1,5,5,3,4,5,1,4,5,3,5,2,2,26,21,28,Kinetesico,1,0,0
1,A,5,3,3,1,1,1,3,3,4,4,5,2,1,4,1,4,1,3,5,2,4,4,1,1,26,13,18,Visual,0,0,1
1,A,1,4,4,1,3,4,4,4,4,2,4,3,4,4,4,4,1,1,2,1,1,1,4,1,23,20,17,Visual,0,0,1
1,G,3,3,3,3,2,5,5,4,3,5,5,4,2,5,3,3,4,5,5,3,2,4,5,5,29,23,28,Visual,0,0,1
1,I,5,3,4,1,2,5,4,3,3,5,5,4,5,5,5,5,1,5,5,2,2,5,5,2,32,22,25,Visual,0,0,1
1,J,3,4,1,2,2,2,4,3,4,3,3,4,5,3,2,4,4,1,4,1,5,2,3,3,19,24,23,Auditivo,0,1,0
1,I,4,2,5,3,3,5,5,2,5,5,5,5,4,4,4,3,5,2,5,1,2,4,2,3,33,23,26,Visual,0,0,1
1,C,3,2,5,2,4,5,5,2,4,5,3,4,2,3,2,4,1,5,2,5,2,5,5,5,28,20,23,Visual,0,0,1
1,D,1,3,4,2,2,3,3,2,3,4,3,4,5,3,3,2,3,4,4,2,2,3,4,2,21,21,21,Kinetesico,1,0,0
1,J,5,5,3,2,3,4,5,5,5,3,5,4,5,5,5,5,5,4,3,5,2,3,5,2,30,29,25,Visual,0,0,1
1,E,2,1,5,5,3,5,3,5,1,3,1,2,5,2,4,5,5,4,4,2,5,5,5,1,19,25,28,Kinetesico,1,0,0
1,F,3,2,1,1,1,1,4,1,1,1,5,1,4,5,5,1,5,1,4,1,2,5,1,2,17,17,21,Kinetesico,1,0,0
1,K,2,3,2,1,3,3,4,1,2,2,3,3,2,3,2,2,2,3,3,2,2,2,2,2,17,17,15,Kinetesico,1,0,0
1,G,3,3,4,1,4,3,5,4,4,5,5,4,5,2,5,3,1,5,4,3,1,3,2,3,26,20,25,Visual,0,0,1
1,G,4,3,4,2,3,4,3,3,5,5,5,4,5,5,4,1,4,5,5,4,2,4,4,5,32,24,27,Visual,0,0,1
1,H,1,4,1,1,3,4,3,2,4,3,2,4,3,3,2,4,2,4,3,2,2,4,3,2,18,20,18,Auditivo,0,1,0
1,I,1,3,2,3,2,3,5,3,4,3,3,5,5,3,2,4,5,4,4,2,4,3,2,2,19,23,25,Kinetesico,1,0,0
1,I,1,3,2,4,4,2,5,2,4,4,4,5,3,2,3,2,4,4,4,3,2,3,2,2,19,23,23,Kinetesico,1,0,0
1,H,3,3,2,1,2,5,5,2,2,3,2,1,5,5,1,2,1,2,5,2,2,5,3,2,22,13,25,Kinetesico,1,0,0
1,J,3,1,5,1,3,5,4,3,5,3,5,1,4,4,3,4,1,3,5,3,2,5,3,3,30,14,25,Visual,0,0,1
1,F,3,3,2,1,2,2,3,2,4,2,1,2,4,4,4,3,2,2,2,3,2,1,2,1,18,17,14,Visual,0,0,1
1,D,4,2,4,1,4,3,5,4,5,5,2,2,5,3,3,3,2,4,5,3,3,4,4,3,26,20,27,Kinetesico,1,0,0
1,B,3,5,3,1,4,5,5,5,4,5,1,2,5,2,4,5,5,5,5,1,5,5,1,1,23,26,27,Kinetesico,1,0,0
1,K,4,2,4,1,2,2,5,5,4,2,5,4,5,2,4,5,1,2,2,5,2,1,5,5,23,20,24,Kinetesico,1,0,0
1,G,2,1,5,2,1,4,5,1,2,3,2,4,5,2,3,3,1,1,4,1,3,5,2,1,20,15,23,Kinetesico,1,0,0
1,I,5,4,2,1,3,4,2,3,3,5,5,1,5,3,4,5,2,1,2,1,2,2,5,3,27,21,18,Visual,0,0,1
1,I,5,4,2,1,2,3,2,5,3,3,5,1,5,5,2,5,2,1,3,1,2,5,5,5,26,18,26,Kinetesico,1,0,0
1,K,4,4,5,2,2,5,5,4,5,3,1,3,2,5,5,4,1,1,4,3,3,4,1,1,28,19,22,Visual,0,0,1
1,E,4,3,3,2,2,3,4,5,3,3,3,2,4,3,4,3,3,1,2,1,3,2,3,2,22,20,21,Visual,0,0,1
1,A,5,5,4,1,5,4,5,4,3,3,3,3,5,3,5,5,2,4,4,4,3,4,2,5,25,25,28,Kinetesico,1,0,0
1,L,4,4,3,1,4,2,4,4,4,4,5,4,5,5,4,4,4,5,5,2,2,4,5,4,27,27,27,Kinetesico,1,0,0
1,H,4,2,3,5,2,5,4,2,2,2,4,4,2,5,4,4,2,3,3,1,2,3,2,5,25,18,24,Visual,0,0,1
1,I,1,4,3,1,2,4,2,2,3,2,5,1,3,2,3,2,5,2,5,5,4,4,5,4,20,24,21,Auditivo,0,1,0
1,D,2,4,3,2,4,3,4,2,3,5,5,2,2,5,4,2,1,2,4,2,3,2,3,1,26,21,17,Visual,0,0,1
1,G,3,4,4,1,4,5,5,3,2,2,1,5,5,1,5,4,2,5,3,1,4,5,3,3,18,27,25,Auditivo,0,1,0
1,I,2,2,3,1,2,1,2,2,4,4,5,2,5,5,5,5,1,2,5,1,5,5,4,4,24,21,24,Kinetesico,1,0,0
1,G,4,3,5,1,4,5,5,4,5,5,4,3,5,4,1,4,1,2,5,1,5,1,5,5,32,22,26,Visual,0,0,1
1,E,3,1,4,1,1,3,5,4,3,1,1,5,5,1,3,4,1,3,5,1,5,3,4,5,16,20,28,Kinetesico,1,0,0
1,K,5,5,5,2,3,2,4,5,4,3,2,4,5,4,4,4,2,5,5,1,4,3,5,2,25,27,26,Auditivo,0,1,0
1,F,1,4,4,2,2,5,5,5,4,4,2,3,5,3,3,4,4,5,4,3,4,3,5,2,23,25,26,Kinetesico,1,0,0
1,F,4,3,3,1,2,3,4,2,4,4,5,4,2,4,5,4,1,3,3,2,2,3,5,2,27,22,17,Visual,0,0,1
1,C,5,3,5,1,3,5,3,5,3,5,3,2,5,5,5,5,1,5,5,2,1,5,3,5,31,18,29,Visual,0,0,1
1,H,4,3,2,1,3,4,5,2,4,5,5,2,5,5,2,5,1,4,5,4,5,5,5,1,29,21,24,Visual,0,0,1
1,E,5,5,5,1,1,5,3,5,5,5,5,5,5,5,1,5,1,1,5,1,2,5,1,3,35,16,27,Visual,0,0,1
1,L,3,1,5,5,2,5,5,1,3,5,4,3,5,5,1,3,1,3,4,3,2,4,4,1,30,14,25,Visual,0,0,1
1,L,5,2,3,1,4,3,5,5,5,5,1,5,5,1,3,3,5,1,1,1,5,5,1,5,23,25,27,Kinetesico,1,0,0
1,B,4,2,4,1,2,4,2,5,4,5,4,5,5,2,5,3,5,3,4,1,4,4,4,2,27,27,23,Kinetesico,1,0,0
1,K,5,2,4,4,1,5,5,4,2,2,1,5,5,5,5,5,5,1,5,1,5,4,5,4,24,28,31,Kinetesico,1,0,0
1,A,3,2,5,1,4,5,4,3,5,3,2,1,5,5,4,5,2,3,5,5,4,5,5,2,28,22,25,Visual,0,0,1
1,L,4,3,5,5,2,1,4,4,2,1,3,5,3,3,4,4,4,2,3,1,2,4,3,2,19,23,25,Kinetesico,1,0,0
1,L,2,3,3,4,3,4,3,4,4,1,2,5,4,4,1,4,3,2,3,1,1,4,2,1,20,18,23,Kinetesico,1,0,0
1,K,3,4,3,1,2,5,3,2,5,4,5,1,5,5,3,5,2,1,4,5,1,5,1,1,30,14,21,Visual,0,0,1
1,K,5,2,1,1,2,5,4,4,5,5,5,1,5,5,3,5,3,1,4,5,1,5,1,1,31,13,24,Visual,0,0,1
1,L,4,3,4,2,2,4,3,4,2,3,4,5,5,4,2,4,5,3,5,1,2,5,2,3,25,21,27,Kinetesico,1,0,0
1,L,3,4,5,1,3,5,5,4,3,4,5,4,5,5,5,4,1,5,5,4,3,3,3,4,30,23,27,Visual,0,0,1
1,J,5,2,2,2,3,3,4,2,2,3,2,3,3,3,3,2,1,2,4,3,4,3,1,2,20,17,20,Kinetesico,1,0,0
1,J,1,1,5,5,3,3,4,1,3,3,4,2,3,3,4,3,4,4,1,4,3,3,4,3,22,21,20,Visual,0,0,1
1,B,5,4,3,2,3,4,4,3,3,3,2,4,3,5,3,3,4,4,4,2,3,4,2,2,25,23,22,Visual,0,0,1
1,K,2,5,5,2,5,5,5,5,5,1,2,3,5,2,5,5,1,2,5,2,2,2,4,2,22,25,26,Kinetesico,1,0,0
1,K,1,1,1,5,1,1,4,4,5,3,5,5,3,5,5,3,2,5,1,1,2,5,5,3,21,21,25,Kinetesico,1,0,0
1,D,2,2,2,1,2,3,3,3,4,5,2,3,4,2,4,4,2,1,3,2,4,2,4,2,20,21,18,Auditivo,0,1,0
1,G,4,4,3,2,5,4,5,3,2,5,2,3,5,3,4,3,3,1,4,4,5,5,1,2,23,25,26,Kinetesico,1,0,0
1,H,2,4,2,1,5,5,5,3,3,2,3,5,5,5,2,2,1,3,5,3,5,4,1,2,22,23,25,Kinetesico,1,0,0
1,C,3,2,5,2,3,2,4,4,5,4,2,5,5,5,3,4,5,4,5,5,4,5,5,5,26,27,30,Kinetesico,1,0,0
1,C,5,4,3,2,4,4,2,5,5,2,5,5,5,5,4,4,5,4,5,2,2,4,5,5,29,29,28,Kinetesico,1,0,0
1,C,3,4,5,2,4,5,2,5,5,4,2,5,5,5,5,5,5,5,4,3,4,5,5,5,29,32,28,Auditivo,0,1,0
1,C,4,5,3,2,3,5,2,5,5,3,4,5,5,5,3,5,5,3,4,2,4,5,5,5,29,30,28,Auditivo,0,1,0
1,C,4,5,5,2,2,5,3,5,5,4,3,5,5,5,3,5,5,4,5,2,4,5,5,5,31,29,30,Visual,0,0,1
1,J,4,4,2,2,2,3,3,2,2,3,3,3,2,4,3,2,3,4,4,2,3,4,2,2,21,20,19,Visual,0,0,1
1,G,3,4,5,1,5,5,3,4,5,3,5,2,5,5,3,5,5,5,5,4,2,5,4,2,31,25,25,Visual,0,0,1
1,I,5,4,3,1,2,3,5,3,2,5,5,4,5,4,5,5,1,3,5,1,2,5,3,1,27,21,25,Visual,0,0,1
1,F,5,4,5,1,4,5,3,5,5,4,2,3,5,5,2,5,3,1,4,3,1,3,5,3,31,22,24,Visual,0,0,1
1,G,3,4,4,1,3,4,5,3,5,3,5,3,5,5,3,4,4,4,4,3,1,5,3,2,29,21,25,Visual,0,0,1
1,H,4,4,3,2,3,2,3,2,4,3,3,4,4,2,3,3,5,2,2,2,3,3,3,2,21,25,18,Auditivo,0,1,0
1,I,1,5,4,3,4,5,4,4,4,1,5,5,5,5,1,2,5,3,5,1,1,5,5,1,25,26,27,Kinetesico,1,0,0
1,J,5,5,5,1,2,5,5,2,1,5,2,5,5,5,5,5,1,2,5,5,2,5,2,2,28,22,25,Visual,0,0,1
1,E,4,2,4,1,2,3,3,5,4,5,4,3,5,4,4,3,5,5,5,1,5,1,3,1,28,24,21,Visual,0,0,1
1,J,5,5,4,3,4,5,4,3,5,2,5,4,5,5,2,4,1,4,5,2,2,4,5,2,31,23,26,Visual,0,0,1
1,B,1,2,2,1,4,3,4,2,5,3,5,2,5,5,3,5,2,3,5,4,3,5,5,5,24,21,27,Kinetesico,1,0,0
1,B,1,2,5,1,1,4,5,5,2,4,3,3,5,3,5,5,4,5,4,3,1,2,5,4,22,21,26,Kinetesico,1,0,0
1,I,2,4,5,5,1,5,4,2,3,2,5,2,5,5,1,5,5,5,5,5,1,2,5,1,27,19,24,Visual,0,0,1
1,G,4,5,4,1,3,4,5,4,3,5,5,4,4,3,4,5,1,4,4,1,1,4,5,2,28,23,24,Visual,0,0,1
1,C,3,2,4,1,2,4,5,1,5,5,3,3,5,5,5,3,1,1,3,1,2,2,5,3,29,20,20,Visual,0,0,1
1,I,4,3,4,2,4,3,5,4,5,5,4,2,5,5,4,5,5,4,4,4,5,5,2,2,30,25,27,Visual,0,0,1
1,I,4,3,4,2,4,3,3,4,4,2,4,3,5,5,4,5,5,4,2,4,4,4,5,3,26,28,23,Auditivo,0,1,0
1,L,2,4,4,1,4,5,4,2,4,5,1,5,4,5,2,1,5,2,5,1,2,3,5,1,26,27,20,Auditivo,0,1,0
1,L,1,4,2,1,5,3,3,2,4,5,1,3,4,5,4,1,5,2,5,1,2,3,5,1,21,28,19,Auditivo,0,1,0
1,F,3,4,4,2,3,2,5,2,3,3,5,4,4,3,5,2,5,4,3,1,2,3,2,4,23,25,23,Auditivo,0,1,0
1,D,2,4,4,1,3,5,4,5,5,4,3,4,5,5,3,2,5,4,3,1,4,5,3,3,28,26,26,Visual,0,0,1
1,D,4,3,2,1,3,4,5,2,3,4,5,3,5,5,4,5,5,2,4,1,1,4,4,4,27,23,25,Visual,0,0,1
1,L,4,5,4,2,4,5,4,4,5,5,4,2,5,5,4,5,5,4,5,4,4,4,5,5,32,29,29,Visual,0,0,1
1,L,5,2,5,1,4,5,5,2,5,3,1,1,5,2,5,5,2,1,5,4,5,5,5,4,26,24,27,Kinetesico,1,0,0
1,L,5,4,2,1,3,2,5,2,5,2,1,2,5,5,2,3,2,1,5,4,5,5,5,2,22,23,25,Kinetesico,1,0,0
1,D,2,2,4,1,4,2,5,2,4,3,2,5,1,2,5,4,1,4,4,2,4,3,2,1,19,23,17,Auditivo,0,1,0
1,F,5,5,5,1,3,5,5,1,4,5,5,4,4,5,3,5,1,1,5,4,1,4,1,5,34,18,25,Visual,0,0,1
2,A,2,3,2,1,3,3,4,3,2,4,3,4,4,4,4,3,1,3,4,1,3,2,2,2,20,20,20,Kinetesico,1,0,0
2,F,4,4,1,1,2,3,3,1,4,4,5,1,2,3,2,3,4,3,5,1,1,5,2,2,24,16,19,Visual,0,0,1
2,C,3,2,3,2,2,3,4,3,3,2,4,2,3,3,2,4,2,1,2,1,2,2,2,2,21,14,18,Visual,0,0,1
2,B,3,4,3,2,3,4,3,3,4,2,5,4,5,5,4,4,2,2,3,3,2,5,4,1,26,23,22,Visual,0,0,1
2,F,2,5,5,5,5,4,4,5,5,2,2,2,2,2,2,3,5,2,2,1,1,5,2,1,22,22,24,Kinetesico,1,0,0
2,F,2,4,3,2,4,5,4,4,3,2,3,2,4,2,3,5,2,3,5,2,2,4,3,5,20,20,28,Kinetesico,1,0,0
2,F,3,3,4,3,4,3,2,2,3,3,2,2,3,3,3,4,5,2,4,4,3,3,2,4,21,22,21,Auditivo,0,1,0
2,E,3,1,5,3,2,5,3,3,5,5,5,2,1,4,4,5,5,3,5,1,1,3,5,2,32,20,20,Visual,0,0,1
2,F,3,2,3,2,2,2,4,2,3,4,3,3,4,2,2,2,2,4,2,1,3,3,5,5,20,19,22,Kinetesico,1,0,0
2,E,3,5,3,1,1,5,2,1,4,5,1,5,1,1,1,5,1,5,4,5,5,1,3,5,22,21,15,Visual,0,0,1
2,A,5,5,2,1,1,2,5,3,3,5,1,5,5,1,1,4,1,1,5,1,2,5,2,1,19,17,25,Kinetesico,1,0,0
2,D,5,3,3,2,2,4,2,1,4,4,2,3,5,5,2,5,5,3,3,3,2,5,2,2,27,19,20,Visual,0,0,1
2,A,4,2,5,1,3,5,4,2,2,5,4,1,5,2,4,5,1,2,4,1,4,1,2,1,27,17,18,Visual,0,0,1
2,B,3,5,3,1,4,4,4,4,5,2,2,2,4,5,3,5,5,3,5,2,3,5,5,5,24,27,28,Kinetesico,1,0,0
2,A,2,2,3,1,3,4,5,3,2,5,5,4,4,2,2,3,1,5,3,1,1,5,2,5,23,15,26,Kinetesico,1,0,0
2,B,5,3,3,1,2,3,4,4,3,5,1,5,5,4,5,2,2,1,4,2,3,2,5,2,24,25,22,Auditivo,0,1,0
2,D,4,5,2,2,1,2,2,3,2,2,3,3,4,3,4,3,1,3,2,3,3,2,4,2,18,21,17,Auditivo,0,1,0
2,A,1,4,5,1,4,5,4,1,1,5,2,1,5,2,5,5,1,2,1,1,4,1,2,3,21,21,16,Kinetesico,1,0,0
2,L,4,4,3,1,2,5,4,4,5,4,5,2,4,2,4,5,2,4,5,2,1,2,3,5,28,18,25,Visual,0,0,1
2,D,4,3,5,4,5,5,5,5,5,5,2,5,5,5,2,5,4,2,5,2,3,4,2,1,31,24,29,Visual,0,0,1
2,C,2,4,2,2,2,4,2,4,2,1,1,4,4,5,5,2,1,1,1,1,2,5,5,2,17,23,20,Auditivo,0,1,0
2,F,3,4,4,2,4,3,5,4,3,3,5,4,3,5,3,3,2,3,4,3,3,3,2,4,26,22,25,Visual,0,0,1
2,B,2,1,2,3,1,4,3,2,2,2,2,1,5,5,2,5,3,2,2,1,2,2,1,1,19,11,18,Visual,0,0,1
2,F,4,3,3,2,3,4,4,2,5,4,4,3,4,5,3,4,2,5,3,2,2,3,4,2,29,20,20,Visual,0,0,1
2,F,3,4,3,1,3,4,5,3,3,3,1,5,5,5,5,4,2,2,4,2,3,3,4,2,22,26,23,Auditivo,0,1,0
2,D,2,3,3,1,2,4,4,2,2,3,4,4,4,2,3,4,2,3,2,2,2,2,3,2,20,19,17,Visual,0,0,1
2,D,3,1,4,1,3,3,5,3,5,3,4,3,5,4,3,4,1,5,3,3,3,3,4,3,26,18,23,Visual,0,0,1
2,D,3,4,1,1,3,5,5,2,5,3,5,1,5,5,5,5,5,5,3,3,1,5,2,3,27,21,24,Visual,0,0,1
2,B,3,2,3,2,4,3,5,4,5,5,4,4,5,5,1,5,2,2,4,5,4,5,5,4,28,22,29,Kinetesico,1,0,0
2,F,3,3,4,1,2,4,5,4,3,4,4,4,4,4,3,2,4,2,3,2,2,3,2,3,26,20,23,Visual,0,0,1
2,A,5,3,4,2,3,2,3,3,3,3,5,4,5,5,1,4,4,4,3,2,2,4,3,3,27,20,23,Visual,0,0,1
2,A,3,5,4,5,5,4,5,5,3,3,1,1,5,4,4,4,5,3,4,5,4,5,1,3,22,25,32,Kinetesico,1,0,0
2,D,3,2,2,3,2,3,2,3,3,2,2,4,4,3,2,3,2,1,3,2,3,4,2,2,18,17,21,Kinetesico,1,0,0
2,F,3,3,5,2,3,5,4,5,3,3,5,2,5,5,4,4,1,2,2,1,2,2,2,1,29,17,21,Visual,0,0,1
2,A,1,2,4,1,3,4,4,2,3,2,5,1,3,4,2,4,2,5,3,1,1,3,2,1,23,13,17,Visual,0,0,1
2,E,2,3,1,1,4,4,5,4,3,5,5,5,5,5,5,5,5,4,3,1,2,3,2,3,25,26,24,Auditivo,0,1,0
2,F,2,1,5,3,4,4,2,3,5,5,2,2,5,5,3,5,4,3,4,3,4,5,4,4,28,22,26,Visual,0,0,1
2,H,3,3,2,4,4,5,5,1,3,4,2,1,2,2,2,3,5,3,4,3,4,2,3,2,21,22,20,Auditivo,0,1,0
2,C,4,3,3,2,2,3,4,3,4,3,2,3,5,4,3,3,3,2,4,4,5,3,5,3,23,24,24,Kinetesico,1,0,0
2,E,3,3,3,2,2,4,3,2,2,4,4,4,5,4,3,4,5,2,4,2,1,3,2,1,24,20,20,Visual,0,0,1
2,E,3,5,3,2,4,4,4,3,5,2,3,3,4,3,3,4,2,4,3,2,3,4,3,4,23,23,24,Kinetesico,1,0,0
2,E,2,3,4,3,2,4,3,3,4,4,3,4,4,5,2,3,4,4,4,2,2,4,4,2,26,21,23,Visual,0,0,1
2,A,4,3,5,4,4,5,5,3,4,4,4,2,5,5,2,2,5,3,4,5,3,5,3,2,31,22,28,Visual,0,0,1
2,A,4,4,3,2,3,4,3,3,4,4,5,4,4,5,2,4,5,4,2,3,3,4,4,2,29,25,20,Visual,0,0,1
2,C,3,2,2,5,4,3,5,4,2,5,3,2,5,4,3,5,5,2,3,1,2,2,1,3,22,19,27,Kinetesico,1,0,0
2,C,2,2,3,5,3,3,4,3,3,4,5,3,4,5,2,4,4,3,3,3,2,4,4,2,25,20,25,Kinetesico,1,0,0
2,A,4,2,2,1,2,3,4,2,2,3,4,1,4,4,2,4,4,2,3,2,2,2,2,1,22,15,17,Visual,0,0,1
2,D,3,4,5,2,3,2,4,4,3,2,4,3,5,4,3,5,3,4,2,3,3,4,2,2,23,21,23,Kinetesico,1,0,0
2,D,4,4,4,3,4,2,3,4,2,2,5,4,5,4,5,4,4,4,4,5,2,4,4,4,23,27,27,Kinetesico,1,0,0
2,E,3,4,4,2,4,3,4,2,4,3,2,3,4,5,4,4,3,3,3,3,3,3,4,3,24,25,21,Auditivo,0,1,0
2,C,4,3,4,2,4,5,5,4,5,5,2,3,5,5,3,4,5,5,5,3,4,5,3,2,30,25,28,Visual,0,0,1
2,C,2,4,3,2,3,4,4,4,2,4,5,5,2,3,2,4,2,4,3,1,2,4,5,2,23,23,21,Kinetesico,1,0,0
2,A,4,3,2,1,4,5,2,3,3,4,5,4,4,3,5,3,2,4,4,2,2,3,2,3,26,22,20,Visual,0,0,1
2,H,3,4,3,1,2,2,4,2,5,5,2,1,5,5,4,3,4,5,5,4,2,4,5,3,25,22,24,Visual,0,0,1
2,E,5,5,5,3,4,5,5,3,3,5,5,3,5,3,5,3,5,5,5,4,2,5,2,4,31,26,30,Visual,0,0,1
2,D,4,3,3,5,4,3,5,2,3,3,5,2,3,3,4,4,5,4,4,3,2,3,3,3,24,23,25,Kinetesico,1,0,0
2,C,4,2,3,1,1,5,3,4,5,5,3,2,4,2,4,5,2,1,5,5,3,5,2,3,27,16,25,Visual,0,0,1
2,B,5,2,5,1,3,5,5,1,5,4,2,4,5,5,1,5,4,5,4,2,4,3,5,4,31,23,23,Visual,0,0,1
2,E,1,2,2,3,2,1,2,3,2,3,4,1,5,4,3,2,3,5,4,2,4,2,3,3,17,18,22,Kinetesico,1,0,0
2,F,2,2,2,1,2,5,2,1,2,2,4,4,2,4,4,4,4,2,3,1,2,2,2,2,21,20,13,Visual,0,0,1
2,C,2,3,5,2,4,4,3,2,3,4,3,5,4,3,5,2,4,4,3,2,5,3,2,3,24,28,20,Auditivo,0,1,0
2,B,5,5,3,3,2,3,3,5,4,2,3,5,5,5,5,5,4,2,2,2,2,3,3,3,25,26,24,Auditivo,0,1,0
2,B,2,3,3,4,1,5,3,2,4,2,4,3,4,5,3,3,4,4,4,3,2,3,5,2,25,21,22,Visual,0,0,1
2,E,4,2,4,1,2,4,3,4,4,4,5,5,5,4,3,4,1,5,3,2,1,2,2,2,29,16,20,Visual,0,0,1
2,A,3,3,3,1,2,2,3,3,3,4,5,4,5,4,1,4,4,3,4,1,2,3,2,3,24,18,22,Visual,0,0,1
2,C,4,1,5,5,2,4,4,2,5,5,2,3,5,5,3,4,3,4,4,3,4,3,4,2,30,20,25,Visual,0,0,1
2,A,4,2,4,1,2,5,4,3,4,5,1,2,4,5,3,3,5,4,3,5,2,4,5,5,28,21,24,Visual,0,0,1
2,A,4,4,4,2,4,4,4,2,2,4,1,2,4,4,4,2,5,2,4,1,4,4,2,5,23,25,25,Kinetesico,1,0,0
2,E,3,4,3,2,2,3,5,2,4,3,5,5,4,3,4,5,5,5,4,1,2,2,1,3,24,23,22,Visual,0,0,1
2,C,4,3,4,4,3,4,4,3,5,4,5,4,4,4,2,4,3,4,3,4,2,4,3,3,30,20,25,Visual,0,0,1
2,A,4,5,3,1,4,3,4,5,5,5,1,5,5,2,4,5,2,4,3,2,5,5,3,5,23,28,28,Kinetesico,1,0,0
2,B,5,4,5,5,1,2,5,3,5,4,2,1,4,3,1,1,2,2,1,1,1,5,3,1,26,13,24,Visual,0,0,1
2,E,5,4,3,1,2,5,2,4,5,5,2,3,5,3,5,5,1,1,5,2,2,5,5,1,28,22,23,Visual,0,0,1
2,C,3,2,2,2,2,2,4,2,2,2,2,2,4,4,3,3,3,2,3,2,3,1,3,3,17,18,19,Kinetesico,1,0,0
2,C,3,2,4,5,2,5,4,2,4,4,2,1,4,5,3,4,5,4,3,2,2,3,5,4,27,20,25,Visual,0,0,1
2,C,5,2,2,4,2,1,4,2,2,4,4,4,5,4,4,2,2,5,4,4,2,4,4,4,22,20,27,Kinetesico,1,0,0
2,C,2,4,4,1,2,5,5,5,1,1,2,1,3,2,5,3,1,1,5,1,4,4,5,3,17,22,26,Kinetesico,1,0,0
2,K,3,5,5,3,2,4,4,5,5,3,3,2,5,5,5,5,3,5,4,2,3,4,4,1,28,24,26,Visual,0,0,1
2,E,4,3,4,2,3,4,4,3,3,3,3,4,4,4,2,3,2,2,3,2,3,4,3,3,25,20,23,Visual,0,0,1
2,B,2,4,5,2,2,2,5,2,5,2,5,1,5,5,4,4,1,2,2,1,1,4,2,1,26,15,21,Visual,0,0,1
2,F,3,3,2,1,2,3,3,4,2,5,5,2,5,3,5,2,5,5,3,1,2,2,5,2,23,24,20,Auditivo,0,1,0
2,B,2,3,4,5,4,5,5,2,4,5,3,3,5,4,1,5,5,1,1,5,5,3,2,2,27,23,23,Visual,0,0,1
2,E,3,2,4,2,3,5,4,3,4,3,1,1,5,4,5,4,2,5,3,2,2,3,4,3,24,19,23,Visual,0,0,1
2,C,2,4,3,2,3,3,3,2,4,2,4,3,2,3,2,3,4,2,4,3,2,2,3,2,21,21,17,Kinetesico,1,0,0
2,K,4,4,4,1,2,4,4,2,5,4,2,4,4,5,4,5,5,2,2,2,2,4,4,2,28,25,19,Visual,0,0,1
2,A,4,5,3,2,2,5,4,4,5,2,2,3,5,2,5,4,5,5,5,1,5,5,5,2,23,30,27,Auditivo,0,1,0
2,D,4,3,4,2,2,3,4,5,4,3,5,3,5,4,4,5,3,4,4,2,3,4,2,2,27,20,26,Visual,0,0,1
2,E,1,2,3,1,5,3,3,3,3,5,3,5,5,5,3,3,1,2,3,2,4,2,1,4,23,21,21,Visual,0,0,1
2,C,4,3,3,2,4,3,3,2,3,3,4,3,4,3,3,3,5,3,4,2,5,3,2,2,23,25,20,Auditivo,0,1,0
2,A,2,2,4,3,3,4,4,4,3,4,3,5,5,3,2,4,4,3,3,1,2,4,2,1,23,20,24,Kinetesico,1,0,0
2,B,1,4,4,5,2,2,2,2,2,2,1,2,5,4,3,4,5,2,4,2,5,3,4,4,16,25,25,Kinetesico,1,0,0
2,A,4,3,2,2,3,2,3,2,3,3,5,2,4,4,3,2,4,2,3,3,1,4,1,2,23,17,20,Visual,0,0,1
2,F,4,4,3,1,3,5,3,2,4,4,5,3,5,4,4,5,5,3,5,5,4,5,4,3,29,27,24,Visual,0,0,1
2,B,3,4,4,1,3,4,4,3,2,4,2,3,5,4,3,4,4,1,4,4,4,2,2,1,23,23,20,Kinetesico,1,0,0
2,F,2,1,1,1,3,2,3,2,4,4,4,3,3,4,3,2,2,5,4,2,2,4,3,1,21,17,18,Visual,0,0,1
2,D,4,2,5,4,3,5,4,3,5,5,5,3,5,5,3,5,5,5,3,3,3,4,5,3,34,24,26,Visual,0,0,1
2,A,3,3,4,2,5,5,5,5,3,4,2,3,4,3,3,3,2,2,4,2,5,4,2,4,24,23,28,Kinetesico,1,0,0
2,E,5,5,4,1,2,3,2,3,3,2,5,1,3,3,3,4,1,5,2,1,3,4,2,5,25,17,20,Visual,0,0,1
2,A,5,1,5,1,1,5,3,5,5,5,3,5,5,5,3,3,2,2,4,2,2,5,2,1,33,16,24,Visual,0,0,1
2,E,3,2,4,1,2,4,3,3,3,4,4,4,5,3,2,4,1,3,3,1,2,4,3,1,25,16,20,Visual,0,0,1
2,B,2,3,4,1,4,3,5,4,1,4,1,2,1,2,3,2,1,1,4,4,3,3,2,1,17,18,19,Kinetesico,1,0,0
2,C,3,2,4,1,3,4,5,4,3,4,5,2,3,2,3,4,2,1,3,2,2,3,2,2,25,16,21,Visual,0,0,1
2,D,3,3,4,2,2,3,4,4,2,4,3,2,5,4,3,3,1,3,4,2,3,5,3,1,23,17,25,Kinetesico,1,0,0
2,G,2,2,4,2,5,4,4,4,2,5,2,2,5,5,4,4,4,2,2,2,4,5,2,4,24,23,26,Kinetesico,1,0,0
2,B,2,4,4,3,3,5,5,4,4,4,5,3,5,4,2,5,4,5,5,3,2,5,2,2,28,20,29,Kinetesico,1,0,0
2,A,4,2,4,2,4,5,2,3,2,3,2,3,5,2,2,3,1,1,4,1,3,2,1,3,22,16,21,Visual,0,0,1
2,A,4,4,2,1,4,2,4,4,2,3,2,1,2,4,4,4,2,4,4,3,4,3,2,4,19,21,22,Kinetesico,1,0,0
2,C,4,2,4,3,2,4,3,2,3,4,3,4,1,2,3,2,5,2,3,4,3,3,3,2,24,22,17,Visual,0,0,1
2,B,3,3,2,1,2,1,1,1,2,1,1,2,3,1,2,2,1,2,3,2,1,2,2,2,11,13,13,Kinetesico,1,0,0
2,A,2,2,2,1,2,4,5,3,5,5,4,1,5,4,2,2,5,2,2,1,1,2,1,1,26,14,19,Visual,0,0,1
2,B,3,2,3,4,2,5,4,2,4,5,4,3,4,4,3,4,2,4,3,2,2,4,2,3,28,16,24,Visual,0,0,1
2,E,2,3,2,3,2,4,4,3,4,4,5,4,5,5,4,4,4,4,3,2,2,2,4,5,26,23,25,Visual,0,0,1
2,D,5,5,5,1,5,5,1,5,1,5,5,5,4,5,5,5,1,5,1,5,1,1,1,5,31,23,18,Visual,0,0,1
2,F,3,2,3,1,3,3,3,2,4,4,4,3,4,4,3,3,2,2,3,2,2,3,3,3,25,18,19,Visual,0,0,1
2,C,3,3,2,2,3,2,3,3,2,2,2,3,3,3,2,2,2,2,2,2,2,3,3,2,16,18,18,Kinetesico,1,0,0
2,C,2,3,1,2,3,4,4,1,4,3,4,3,3,4,3,3,4,2,3,3,3,3,4,4,22,23,20,Auditivo,0,1,0
2,D,5,1,5,1,3,3,4,5,5,3,1,3,5,5,5,5,4,1,5,1,2,5,3,1,27,21,26,Visual,0,0,1
2,C,2,4,3,5,3,2,2,3,2,2,5,5,4,2,3,2,5,1,1,2,1,2,4,4,18,25,21,Auditivo,0,1,0
2,L,4,5,2,1,4,3,4,4,3,4,5,5,5,5,4,5,4,5,4,4,4,2,5,2,26,31,22,Auditivo,0,1,0
2,H,4,5,4,4,2,5,4,3,4,2,4,2,5,5,4,5,4,3,3,4,2,4,3,2,28,22,25,Visual,0,0,1
2,G,2,3,3,5,4,2,4,3,3,5,1,1,5,5,4,3,5,4,3,2,5,5,5,5,21,27,30,Kinetesico,1,0,0
2,A,4,3,4,1,4,3,4,3,4,3,2,2,3,4,3,4,2,1,4,3,3,5,2,2,24,19,22,Visual,0,0,1
2,I,4,3,4,1,5,3,2,3,4,3,5,4,5,5,3,5,2,4,4,3,2,3,2,2,28,21,20,Visual,0,0,1
2,D,4,2,4,2,2,4,4,3,5,4,4,4,5,4,2,2,1,2,4,1,2,2,2,1,29,15,21,Visual,0,0,1
2,G,4,3,4,1,3,5,3,4,5,2,1,5,5,2,5,5,4,1,3,2,5,4,5,5,23,30,25,Auditivo,0,1,0
2,G,5,4,4,3,5,2,5,5,5,2,5,1,5,5,2,4,2,5,5,5,2,5,5,5,28,21,33,Kinetesico,1,0,0
2,B,2,3,2,3,1,4,3,3,2,3,3,4,1,5,5,1,3,4,4,1,5,4,5,2,21,26,20,Auditivo,0,1,0
2,B,3,1,1,5,2,3,4,2,4,3,2,3,3,2,1,4,5,3,2,2,3,3,4,2,18,19,21,Kinetesico,1,0,0
2,K,2,5,2,5,4,5,3,2,5,3,5,5,5,5,4,3,5,2,5,1,2,3,5,1,27,30,24,Auditivo,0,1,0
2,B,1,4,2,4,2,3,5,2,5,5,1,1,3,2,5,3,5,4,4,5,3,3,5,4,19,25,25,Kinetesico,1,0,0
2,F,2,2,4,1,3,3,4,4,4,4,2,2,5,5,3,4,5,5,5,4,3,3,5,5,24,23,27,Kinetesico,1,0,0
2,D,4,2,2,2,2,3,4,1,2,4,2,2,4,4,5,5,5,2,2,4,5,2,4,2,21,25,17,Auditivo,0,1,0
2,A,3,4,4,2,3,2,4,1,5,4,4,4,5,5,5,3,4,4,3,3,2,3,4,3,27,26,21,Visual,0,0,1
2,G,3,2,4,2,3,4,2,2,4,3,2,2,5,5,4,4,5,4,3,2,3,4,5,2,25,24,20,Visual,0,0,1
2,D,3,4,5,1,4,5,4,4,1,3,3,4,4,4,3,5,1,5,5,2,2,2,5,2,24,23,22,Visual,0,0,1
2,B,2,4,1,4,2,4,5,1,4,5,3,3,2,5,5,4,3,4,3,4,1,5,4,3,24,22,23,Visual,0,0,1
2,E,3,3,4,3,4,4,3,3,3,3,3,2,4,4,3,3,5,4,3,3,5,4,3,4,24,25,24,Auditivo,0,1,0
2,E,4,3,5,4,4,5,5,3,3,4,5,5,4,5,5,5,5,1,4,1,2,3,4,3,31,28,26,Visual,0,0,1
2,A,2,4,3,2,2,3,4,3,5,2,4,3,4,5,2,4,4,3,3,3,1,3,4,1,24,20,20,Visual,0,0,1
2,F,2,2,3,2,2,4,4,5,5,4,4,4,5,4,4,3,4,3,5,3,2,3,2,3,26,20,27,Kinetesico,1,0,0
2,J,4,5,3,2,4,5,3,4,3,5,4,2,5,2,2,4,5,5,5,1,4,3,5,4,26,27,26,Auditivo,0,1,0
2,E,4,2,4,1,3,2,4,2,3,4,2,4,4,3,4,4,2,2,4,2,3,3,2,2,22,20,20,Visual,0,0,1
2,L,2,3,4,1,1,5,5,2,5,5,5,1,5,5,2,2,3,4,2,1,1,2,5,2,31,16,19,Visual,0,0,1
2,G,3,2,3,4,3,4,4,3,5,4,4,3,4,4,3,5,5,4,3,2,2,3,5,3,27,23,24,Visual,0,0,1
2,A,5,5,5,1,3,5,5,1,2,4,5,5,5,4,4,2,1,5,5,3,5,4,1,1,30,24,22,Visual,0,0,1
2,C,5,2,2,1,2,3,3,1,2,3,4,1,5,4,3,4,3,1,3,2,2,3,1,1,23,14,17,Visual,0,0,1
2,J,2,2,4,4,4,2,2,2,3,2,4,3,2,4,4,3,5,3,4,2,3,2,3,3,21,24,19,Auditivo,0,1,0
2,F,4,2,3,4,4,1,3,3,4,5,1,5,3,4,1,5,3,5,3,1,4,4,5,3,22,24,23,Auditivo,0,1,0
2,H,4,2,3,1,2,5,5,3,4,4,3,4,5,4,4,5,2,3,5,2,1,3,4,5,27,19,27,Kinetesico,1,0,0
2,J,4,5,2,4,4,3,4,4,5,2,4,5,5,3,4,5,4,3,3,2,2,3,5,3,23,29,26,Auditivo,0,1,0
2,F,3,2,3,2,3,4,3,3,3,4,2,3,3,3,3,3,2,2,2,2,3,3,2,2,22,18,18,Visual,0,0,1
2,E,4,4,2,3,3,2,2,2,3,2,2,5,3,3,5,3,4,3,3,1,4,3,4,3,18,29,19,Auditivo,0,1,0
2,K,4,3,4,5,1,4,4,2,3,4,3,2,5,4,2,3,4,4,3,2,4,4,1,2,26,17,25,Visual,0,0,1
2,F,4,2,5,2,5,4,4,3,5,5,2,3,5,3,1,4,1,1,5,4,5,5,1,2,28,18,26,Visual,0,0,1
2,F,3,2,3,4,4,5,4,3,3,4,5,2,5,3,2,3,1,2,3,4,1,3,3,4,26,15,26,Kinetesico,1,0,0
2,L,1,3,5,1,2,1,2,4,4,1,5,3,5,2,5,5,3,5,4,1,2,2,3,4,19,21,22,Kinetesico,1,0,0
2,J,3,4,2,1,4,3,4,3,3,3,4,4,5,3,4,3,2,2,3,1,2,3,2,1,21,22,20,Auditivo,0,1,0
2,F,3,3,2,5,4,4,5,3,3,4,5,4,4,2,3,4,2,4,5,2,2,3,4,4,23,22,29,Kinetesico,1,0,0
2,D,5,3,4,2,2,3,4,4,5,3,3,5,4,4,5,4,3,1,5,4,2,3,3,5,27,23,27,Kinetesico,1,0,0
2,B,3,3,2,2,3,3,3,3,3,3,5,3,4,3,3,4,2,3,3,3,2,4,4,2,22,20,21,Visual,0,0,1
2,F,5,4,5,4,4,3,2,3,5,4,4,3,5,5,3,5,5,4,5,4,4,4,5,5,31,28,28,Visual,0,0,1
2,H,3,2,2,3,1,5,2,2,2,3,2,2,3,4,2,4,5,2,4,5,2,1,5,5,21,19,20,Visual,0,0,1
2,D,3,5,3,2,4,2,3,3,4,2,4,3,3,2,4,3,5,1,4,1,2,2,5,5,20,28,22,Auditivo,0,1,0
2,G,2,5,2,1,3,2,5,2,5,5,3,3,3,3,2,3,1,2,3,5,1,3,5,1,22,20,18,Visual,0,0,1
2,A,1,3,4,1,3,4,5,5,5,3,1,1,5,5,3,2,1,2,3,5,5,5,5,2,23,21,26,Kinetesico,1,0,0
2,D,4,3,4,1,2,4,5,3,2,4,1,2,3,2,2,3,2,2,5,4,4,3,2,1,21,17,21,Kinetesico,1,0,0
2,I,4,3,4,1,4,5,3,5,2,1,1,3,5,3,4,4,4,1,3,3,2,3,4,3,20,24,23,Auditivo,0,1,0
2,F,3,3,4,3,4,5,5,4,5,3,5,5,5,5,1,5,5,2,4,2,1,5,4,4,30,23,30,Kinetesico,1,0,0
2,L,4,2,5,5,2,5,2,4,4,2,2,2,5,5,2,5,5,2,2,3,4,5,5,2,27,22,25,Visual,0,0,1
2,L,5,2,5,2,4,5,5,5,4,4,4,5,5,5,2,5,5,4,4,4,4,5,5,4,32,27,30,Visual,0,0,1
2,I,4,4,4,2,2,2,3,2,4,2,4,2,5,5,4,3,2,2,4,3,4,2,4,4,25,22,22,Visual,0,0,1
2,E,4,3,4,2,4,3,4,3,3,3,3,3,4,4,4,4,3,3,4,4,3,3,2,3,24,22,23,Visual,0,0,1
2,A,2,4,3,4,2,2,4,2,4,4,2,4,5,5,2,4,5,4,2,4,4,5,4,5,22,25,27,Kinetesico,1,0,0
2,F,4,4,4,1,2,2,2,4,2,2,2,5,5,5,2,5,1,5,2,2,1,4,5,2,21,20,20,Visual,0,0,1
2,B,5,2,4,1,3,5,4,4,3,2,5,4,3,5,4,3,5,2,5,3,4,4,3,1,29,25,22,Visual,0,0,1
2,L,2,2,5,5,2,5,4,5,2,5,2,2,5,5,2,2,5,2,2,2,2,5,5,2,26,20,28,Kinetesico,1,0,0
2,B,3,3,2,1,2,4,5,3,4,4,4,5,4,2,3,4,4,3,5,2,4,4,1,2,23,22,24,Kinetesico,1,0,0
2,L,4,1,4,3,2,4,3,2,4,4,2,2,4,4,2,2,4,4,3,2,2,3,3,2,26,16,20,Visual,0,0,1
2,C,5,5,2,2,2,4,2,1,5,2,5,5,1,1,4,1,5,1,5,1,5,5,5,2,24,31,18,Auditivo,0,1,0
2,G,3,3,3,3,3,3,3,3,2,3,3,2,3,4,3,3,2,3,4,4,3,3,4,4,21,20,23,Kinetesico,1,0,0
2,C,2,4,3,1,4,2,4,3,3,2,2,2,4,3,3,2,4,3,3,2,3,3,3,2,17,23,20,Auditivo,0,1,0
2,I,4,3,3,2,3,4,3,2,4,3,4,4,4,4,3,3,3,4,4,2,2,3,5,2,26,23,20,Visual,0,0,1
2,D,4,3,3,4,2,3,5,3,4,5,4,4,5,5,1,5,5,4,4,2,3,3,2,1,28,20,25,Visual,0,0,1
2,J,3,4,1,3,5,5,3,2,3,2,2,5,5,4,4,4,1,4,4,1,3,4,5,1,20,27,22,Auditivo,0,1,0
2,I,3,4,4,3,4,5,4,2,4,5,5,3,5,5,2,4,4,5,5,3,1,4,1,1,31,19,24,Visual,0,0,1
2,J,5,5,4,2,5,4,2,5,4,5,1,1,2,5,2,5,2,2,2,3,2,3,4,2,28,21,18,Visual,0,0,1
2,L,3,3,2,4,2,4,3,4,3,4,1,3,4,4,3,4,2,2,3,2,5,4,5,2,21,23,24,Kinetesico,1,0,0
2,I,2,4,3,1,3,5,2,3,2,4,5,2,2,4,3,5,4,4,2,2,2,3,5,3,25,23,16,Visual,0,0,1
2,G,4,4,1,1,3,4,4,2,2,4,1,1,5,4,1,3,1,2,5,2,5,4,3,1,20,18,22,Kinetesico,1,0,0
2,J,4,3,2,4,3,4,3,4,4,3,5,2,5,2,3,4,4,2,4,3,2,3,2,2,24,19,25,Kinetesico,1,0,0
2,I,3,2,2,2,2,3,3,2,3,2,4,3,3,4,3,5,5,2,2,2,1,5,3,3,21,19,20,Visual,0,0,1
2,I,5,3,4,1,2,1,3,5,1,2,1,5,5,2,5,2,5,2,1,1,3,5,3,1,16,26,21,Auditivo,0,1,0
2,I,3,2,2,2,4,5,4,5,5,3,5,2,5,5,2,4,3,2,5,5,2,3,5,4,28,20,28,Kinetesico,1,0,0
2,E,4,2,5,2,3,5,5,2,4,5,4,5,5,4,3,4,5,2,4,1,4,2,5,2,31,27,22,Visual,0,0,1
2,G,3,3,4,4,3,4,5,4,4,3,4,4,5,4,4,4,5,4,4,3,2,4,2,4,26,23,30,Kinetesico,1,0,0
2,I,4,1,5,1,1,1,4,1,5,5,2,1,3,2,2,5,1,1,1,4,3,1,3,2,24,12,13,Visual,0,0,1
2,G,5,4,4,4,4,5,5,3,5,5,2,5,4,5,4,2,3,3,5,2,5,5,5,5,31,30,31,Kinetesico,1,0,0
2,G,2,2,2,2,3,2,2,2,2,5,5,5,2,5,2,2,2,1,2,2,2,2,2,2,23,18,14,Visual,0,0,1
2,E,5,2,3,1,5,5,5,3,5,5,2,1,5,3,1,5,5,1,2,1,2,5,1,1,28,17,22,Visual,0,0,1
2,K,2,5,2,4,1,5,2,5,3,1,5,5,5,3,2,5,1,3,4,1,3,3,4,2,21,21,25,Kinetesico,1,0,0
2,H,4,2,5,1,1,5,5,2,2,5,5,5,5,5,1,2,2,5,5,1,1,2,5,5,31,17,25,Visual,0,0,1
2,I,3,2,2,5,3,3,4,2,4,2,2,5,3,3,3,2,5,4,5,2,2,4,2,4,19,22,27,Kinetesico,1,0,0
2,I,3,5,2,1,2,5,3,3,3,2,2,5,5,5,3,5,3,2,4,1,5,5,3,4,22,26,25,Auditivo,0,1,0
2,F,3,2,2,1,2,5,3,2,2,4,5,4,4,3,2,2,3,1,3,1,2,3,4,2,24,19,18,Visual,0,0,1
2,J,2,3,4,4,3,4,3,1,4,2,2,3,2,4,3,2,3,2,2,2,4,2,2,3,22,21,17,Visual,0,0,1
2,L,3,3,5,2,3,5,4,2,5,4,1,3,4,3,4,4,5,1,4,4,4,3,2,2,26,24,21,Visual,0,0,1
2,B,3,3,4,1,3,4,4,4,3,3,2,3,3,3,3,4,4,3,3,3,3,3,3,3,22,22,21,Kinetesico,1,0,0
2,F,2,2,2,1,2,2,5,2,2,2,2,2,5,5,2,2,1,2,5,2,2,3,1,1,17,12,22,Kinetesico,1,0,0
2,L,2,3,3,2,2,2,4,3,4,2,2,3,5,4,4,3,1,2,2,4,1,2,2,3,19,16,21,Kinetesico,1,0,0
2,B,2,1,2,1,2,4,5,4,5,5,5,4,5,3,3,5,1,2,5,1,2,5,3,5,26,16,30,Kinetesico,1,0,0
2,G,4,5,4,1,5,4,5,5,5,5,1,5,5,5,4,5,5,1,5,5,5,5,1,2,28,30,28,Auditivo,0,1,0
2,K,3,5,5,5,3,2,4,3,2,2,3,5,5,5,3,1,5,2,3,1,4,5,4,5,22,29,30,Kinetesico,1,0,0
2,J,1,2,2,1,2,2,2,2,2,2,1,2,4,1,4,2,1,1,2,2,4,2,2,1,11,17,14,Auditivo,0,1,0
2,L,2,4,4,1,4,3,5,4,2,2,1,2,5,5,2,3,2,1,5,2,3,5,2,2,19,19,27,Kinetesico,1,0,0
2,E,3,2,4,3,2,3,5,2,3,4,5,3,2,4,3,5,5,4,5,2,2,2,1,5,26,18,24,Visual,0,0,1
2,I,4,3,3,2,3,5,4,3,4,4,5,2,3,5,3,4,5,3,4,4,2,4,2,3,30,20,23,Visual,0,0,1
2,L,2,5,1,5,3,5,4,4,3,1,2,1,5,5,2,3,1,3,3,1,3,3,4,3,19,19,27,Kinetesico,1,0,0
2,H,2,4,2,1,2,3,5,2,2,3,5,5,2,3,5,4,4,5,4,1,1,1,3,1,20,24,16,Auditivo,0,1,0
2,G,5,1,3,4,2,2,4,2,2,1,5,3,3,4,2,1,4,4,4,1,2,4,4,5,22,18,26,Kinetesico,1,0,0
2,L,5,5,4,4,3,4,4,4,4,3,5,2,5,5,5,4,1,3,4,2,1,5,5,3,30,22,29,Visual,0,0,1
2,D,4,2,5,4,4,2,5,5,5,4,5,4,5,5,4,4,1,5,4,3,1,4,4,5,30,20,32,Kinetesico,1,0,0
2,J,4,2,3,1,3,5,1,3,3,2,1,5,2,5,1,2,1,1,3,2,5,2,2,1,23,19,13,Visual,0,0,1
2,G,4,4,5,2,2,3,3,4,3,4,5,3,4,5,4,5,5,4,4,3,3,3,4,5,29,25,25,Visual,0,0,1
2,I,5,4,2,3,1,3,5,5,5,4,5,2,5,5,2,5,5,5,3,2,3,1,4,5,29,21,27,Visual,0,0,1
2,L,3,2,3,1,3,2,4,3,2,2,1,3,3,2,4,3,4,2,3,2,2,2,3,3,15,21,19,Auditivo,0,1,0
2,J,3,3,2,5,3,5,4,4,4,2,5,5,5,5,1,4,5,4,3,1,2,3,5,4,26,24,28,Kinetesico,1,0,0
2,L,3,2,4,3,2,5,2,3,4,5,5,2,5,5,3,4,2,2,2,2,1,2,4,5,31,16,22,Visual,0,0,1
2,K,4,5,4,1,4,4,5,3,4,2,2,5,5,4,4,5,4,1,4,1,4,4,4,3,24,30,25,Auditivo,0,1,0
2,K,3,3,3,2,1,3,2,2,4,2,5,3,3,3,3,4,3,3,3,3,3,3,3,4,23,19,19,Visual,0,0,1
2,I,5,4,3,4,5,1,5,5,5,5,4,5,5,5,1,5,5,1,5,1,5,5,1,1,28,26,30,Kinetesico,1,0,0
2,J,3,1,4,2,1,5,3,1,3,1,1,1,3,2,1,2,4,1,2,1,4,3,1,2,19,13,16,Visual,0,0,1
2,J,5,4,5,4,2,4,3,4,2,2,5,3,5,5,2,5,1,4,3,2,1,5,5,1,28,18,25,Visual,0,0,1
2,K,1,2,5,4,3,4,5,4,3,4,2,3,4,5,4,3,4,4,4,2,3,3,5,5,24,24,29,Kinetesico,1,0,0
2,J,2,3,1,2,1,3,5,2,1,2,5,2,4,2,5,1,4,5,2,3,5,2,3,3,16,23,20,Auditivo,0,1,0
2,I,4,4,4,4,4,3,4,4,4,2,2,2,2,2,2,2,2,4,4,4,4,4,4,5,21,22,27,Kinetesico,1,0,0
2,F,3,2,5,5,2,1,3,1,2,2,1,1,5,3,2,4,5,1,3,1,5,5,2,1,17,19,23,Kinetesico,1,0,0
2,E,4,3,5,2,3,2,4,1,4,4,3,5,5,2,5,1,5,2,4,1,4,2,4,3,24,29,21,Auditivo,0,1,0
2,I,4,3,2,1,4,3,4,5,4,4,3,2,4,3,4,2,4,2,3,2,4,5,5,3,23,26,25,Auditivo,0,1,0
2,K,5,2,5,2,1,4,2,4,5,5,5,5,5,5,2,5,5,5,5,1,2,3,5,4,34,22,25,Visual,0,0,1
2,J,5,3,2,1,1,5,4,2,3,5,1,1,5,5,5,5,5,1,5,1,5,1,5,5,26,25,23,Visual,0,0,1
2,G,2,1,4,5,2,5,3,4,2,5,5,5,5,5,5,5,3,5,4,2,1,5,5,5,28,22,31,Kinetesico,1,0,0
2,H,1,2,2,1,2,5,5,2,2,5,5,2,5,5,1,5,2,5,5,2,2,2,5,5,25,16,25,Kinetesico,1,0,0
2,E,4,4,4,1,3,2,4,1,4,2,2,5,5,2,4,2,4,1,4,1,5,2,4,1,20,29,18,Auditivo,0,1,0
2,G,4,3,4,2,2,3,5,5,4,2,4,5,4,5,5,5,5,4,4,2,4,3,5,3,26,29,26,Auditivo,0,1,0
2,H,3,4,2,4,3,3,2,2,2,2,4,3,4,4,3,2,4,3,2,2,1,2,3,3,20,21,19,Auditivo,0,1,0
2,G,3,4,3,1,4,4,5,4,3,4,2,5,4,5,3,4,1,4,5,2,1,3,2,2,24,20,24,Kinetesico,1,0,0
2,I,3,4,4,4,4,4,4,4,4,2,2,2,2,3,3,2,4,4,4,4,3,3,3,3,22,23,24,Kinetesico,1,0,0
2,I,2,3,4,5,2,4,4,1,2,3,4,3,3,4,4,3,4,4,2,2,2,4,1,3,23,19,22,Visual,0,0,1
2,L,5,5,4,1,3,5,4,4,4,3,5,3,3,4,4,4,4,3,4,3,2,3,3,4,30,24,23,Visual,0,0,1
2,L,4,2,4,3,3,2,5,3,3,3,5,1,5,5,4,3,5,5,3,5,2,4,5,3,26,22,26,Kinetesico,1,0,0
2,L,3,5,2,5,2,2,5,4,2,1,5,2,5,5,2,2,5,5,4,1,5,5,2,2,20,23,30,Kinetesico,1,0,0
2,K,5,3,1,4,4,4,2,3,5,4,3,5,4,2,4,1,2,2,4,5,5,4,1,3,24,24,24,Kinetesico,1,0,0
2,K,5,4,5,2,4,5,4,4,5,5,3,3,5,5,3,5,5,4,5,3,4,4,5,4,33,28,28,Visual,0,0,1
2,I,5,2,5,2,2,5,5,2,5,5,1,1,5,2,5,5,5,5,5,5,5,5,2,5,28,22,29,Kinetesico,1,0,0
2,F,5,5,4,2,2,4,4,3,4,3,5,1,5,2,2,5,4,4,5,4,2,4,4,1,27,20,24,Visual,0,0,1
2,H,2,2,3,4,3,2,3,4,4,2,2,3,3,2,4,3,4,2,4,3,3,4,4,3,17,23,25,Kinetesico,1,0,0
2,H,2,5,5,2,3,5,5,5,3,5,1,3,2,5,5,5,5,5,5,2,5,5,5,5,26,31,29,Auditivo,0,1,0
2,A,2,2,1,1,1,2,2,1,2,5,1,5,5,5,2,5,1,5,5,1,5,5,5,5,18,21,24,Kinetesico,1,0,0
2,K,4,2,5,2,1,1,2,2,2,3,1,2,5,2,3,2,2,3,2,2,3,4,1,1,18,14,18,Kinetesico,1,0,0
2,I,1,2,2,5,3,4,4,4,3,3,2,1,3,3,3,3,5,3,4,3,4,3,3,2,18,21,25,Kinetesico,1,0,0
2,H,2,4,2,1,3,3,5,2,4,3,4,5,2,4,2,4,2,4,4,1,1,2,2,1,22,19,17,Visual,0,0,1
2,I,4,4,2,4,4,2,4,4,2,2,4,5,5,4,3,4,5,2,5,2,4,4,3,2,20,28,28,Kinetesico,1,0,0
2,J,5,3,3,1,2,3,5,1,2,4,4,3,5,4,2,4,3,5,4,1,3,4,2,3,25,18,23,Visual,0,0,1
2,H,4,4,5,2,3,5,4,2,3,5,1,5,5,1,1,4,2,1,4,1,3,5,3,1,24,21,23,Visual,0,0,1
2,B,5,1,5,2,1,1,5,4,4,2,5,5,4,4,5,5,5,4,3,1,1,3,5,2,26,23,23,Visual,0,0,1
2,J,3,3,5,4,2,2,3,4,2,5,3,4,3,4,3,4,3,1,4,4,4,3,1,1,24,20,22,Visual,0,0,1
2,B,1,4,4,1,2,2,4,5,3,2,2,5,1,5,2,2,1,3,2,1,3,2,1,2,19,18,17,Visual,0,0,1
2,E,4,1,5,2,3,5,4,5,4,3,5,1,4,5,4,5,5,5,4,4,2,4,5,3,31,21,26,Visual,0,0,1
2,K,4,4,4,5,4,5,4,4,4,5,4,3,4,5,1,4,5,5,5,5,1,5,5,4,31,23,31,Kinetesico,1,0,0
2,K,2,2,1,1,3,2,3,2,4,1,3,1,2,2,2,2,1,3,2,1,1,2,4,2,15,14,14,Visual,0,0,1
2,J,3,3,5,2,4,4,3,2,2,4,1,4,3,5,3,2,1,1,2,2,1,4,3,2,24,19,18,Visual,0,0,1
2,B,4,4,4,3,3,4,4,4,3,3,3,4,5,4,3,4,3,3,4,3,3,4,4,2,25,24,26,Kinetesico,1,0,0
2,H,4,4,4,5,4,5,4,5,5,5,5,4,4,5,4,5,4,2,5,1,3,5,5,5,33,28,33,Kinetesico,1,0,0
2,L,2,2,3,2,3,2,2,3,4,3,5,4,4,3,2,5,1,2,1,3,2,2,5,2,22,19,16,Visual,0,0,1
2,H,1,3,2,5,3,4,1,2,2,3,2,2,5,3,4,2,3,2,3,2,3,4,3,3,17,21,23,Kinetesico,1,0,0
2,I,2,4,3,1,2,2,5,3,1,4,4,2,5,5,4,2,2,4,3,4,2,2,3,3,21,19,22,Kinetesico,1,0,0
2,J,2,4,3,2,1,4,3,2,4,5,1,5,5,4,5,5,5,1,4,1,3,2,4,3,23,27,21,Auditivo,0,1,0
2,I,2,3,1,1,2,2,2,3,2,1,5,5,5,5,4,4,5,2,3,2,2,3,2,3,18,23,20,Auditivo,0,1,0
2,H,4,3,4,5,4,3,2,3,3,3,4,3,4,4,3,3,4,4,3,2,3,3,3,3,25,23,23,Visual,0,0,1
2,I,4,3,2,2,2,4,2,2,2,4,2,1,2,2,3,2,1,1,2,2,2,3,2,2,20,14,15,Visual,0,0,1
2,L,3,2,3,3,2,3,2,3,3,3,3,3,3,3,4,2,3,2,3,3,3,3,3,3,21,20,20,Visual,0,0,1
2,K,3,4,3,2,2,5,5,4,2,1,5,5,4,4,4,1,1,2,3,3,1,3,1,3,23,18,24,Kinetesico,1,0,0
2,L,4,5,2,5,3,4,5,1,3,1,5,5,4,5,3,5,5,3,5,1,1,5,5,1,24,27,26,Auditivo,0,1,0
2,H,3,3,3,2,1,5,2,5,2,5,3,3,5,5,3,5,4,2,2,3,2,4,3,2,26,19,22,Visual,0,0,1
2,K,3,4,2,3,2,4,3,2,4,1,4,5,4,4,4,3,1,5,2,1,2,1,4,4,22,22,19,Kinetesico,1,0,0
2,D,3,2,4,5,1,5,5,2,2,4,3,1,5,5,1,4,3,2,3,5,1,4,4,3,26,13,27,Kinetesico,1,0,0
2,L,3,3,5,2,3,3,4,4,4,3,3,2,5,5,3,3,2,3,3,2,3,2,4,2,26,20,22,Visual,0,0,1
2,H,2,4,3,1,4,2,3,2,3,2,2,5,2,2,3,3,5,2,4,2,4,4,3,4,16,28,20,Auditivo,0,1,0
2,K,2,2,2,1,1,2,3,2,2,5,5,2,5,5,5,5,1,2,2,1,1,2,5,5,23,17,20,Visual,0,0,1
2,F,5,1,4,5,3,5,3,2,3,5,3,2,5,5,4,5,5,5,5,4,3,5,5,4,30,23,29,Visual,0,0,1
2,H,5,2,2,5,2,5,4,2,2,2,5,2,5,5,5,2,4,2,2,1,1,2,5,2,26,21,22,Visual,0,0,1
2,B,4,3,4,2,2,3,4,4,3,4,3,2,5,5,4,4,4,3,4,3,4,4,4,3,26,23,26,Kinetesico,1,0,0
2,L,2,4,2,4,3,2,5,2,3,3,3,3,5,2,4,2,3,3,4,1,4,5,4,4,17,25,29,Kinetesico,1,0,0
2,L,4,2,2,4,3,2,5,1,2,3,1,3,5,2,4,2,2,1,3,2,4,4,2,1,16,20,23,Kinetesico,1,0,0
2,H,1,2,5,2,5,4,5,2,2,4,1,2,5,5,2,5,2,1,2,1,5,5,5,5,22,23,26,Kinetesico,1,0,0
2,G,1,3,2,2,4,1,2,3,3,1,4,5,5,5,5,2,4,4,5,1,3,3,1,1,17,25,21,Auditivo,0,1,0
2,J,4,3,4,5,2,3,4,3,3,3,5,3,5,2,2,3,5,2,4,2,2,3,2,1,24,19,25,Kinetesico,1,0,0
2,J,2,3,5,3,3,2,2,4,2,3,2,2,5,5,4,5,5,2,5,5,3,5,2,3,21,22,27,Kinetesico,1,0,0
2,G,4,4,3,4,3,3,5,3,4,3,3,3,4,5,4,4,3,3,3,3,3,3,3,3,25,23,25,Kinetesico,1,0,0
2,J,3,4,2,2,2,2,3,3,4,1,2,5,5,5,3,2,2,2,5,1,4,3,3,2,19,23,23,Kinetesico,1,0,0
2,H,4,2,4,1,5,2,3,4,1,1,1,5,2,5,1,5,5,2,2,1,5,4,1,1,18,24,17,Auditivo,0,1,0
2,G,5,4,5,4,5,4,4,5,4,5,2,5,4,5,4,5,4,5,4,3,5,4,3,4,30,30,29,Kinetesico,1,0,0
2,D,5,3,5,5,1,5,5,5,5,5,2,1,5,5,1,3,5,5,4,1,5,3,5,3,32,21,30,Visual,0,0,1
2,L,3,2,3,3,3,3,3,3,3,3,3,3,3,3,3,2,3,2,3,3,3,3,3,3,21,20,21,Kinetesico,1,0,0
2,D,3,3,5,5,5,5,5,2,5,5,1,5,5,5,1,5,5,5,5,1,5,5,5,3,29,29,30,Kinetesico,1,0,0
2,H,3,5,2,3,3,3,4,4,5,2,3,3,4,4,3,4,4,1,3,2,2,3,5,2,22,25,23,Auditivo,0,1,0
2,H,3,4,2,5,4,5,4,4,3,3,4,3,5,4,5,3,2,4,5,2,5,3,3,3,24,26,29,Kinetesico,1,0,0
2,H,2,4,2,1,2,3,3,4,4,2,3,2,4,3,2,3,2,3,4,1,1,3,4,4,19,17,23,Kinetesico,1,0,0
2,D,2,2,3,2,2,4,3,3,4,4,2,2,5,4,2,4,5,2,4,1,5,3,4,2,23,22,22,Visual,0,0,1
2,L,4,1,5,3,2,5,2,2,3,1,1,4,1,5,5,5,2,3,2,3,1,2,2,2,24,17,14,Visual,0,0,1
2,C,3,3,2,4,2,3,4,3,2,3,2,3,4,3,4,3,4,3,3,2,4,2,3,3,18,23,23,Kinetesico,1,0,0
2,E,3,2,5,5,4,4,4,3,3,4,4,4,2,2,3,4,5,4,3,2,2,5,4,2,25,24,24,Visual,0,0,1
2,J,4,5,3,2,3,3,2,4,4,3,3,3,5,2,3,3,5,5,2,2,3,5,2,4,22,24,24,Kinetesico,1,0,0
2,K,2,2,3,2,2,3,3,2,3,3,1,1,2,5,3,2,2,2,3,4,5,3,2,2,20,17,17,Visual,0,0,1
2,C,2,1,1,2,3,2,1,3,4,3,1,2,3,1,4,2,2,4,3,1,2,1,4,3,14,18,16,Auditivo,0,1,0
2,A,4,4,3,4,5,3,4,4,3,5,4,5,3,4,3,5,5,2,4,3,4,5,4,4,26,30,28,Auditivo,0,1,0
2,G,4,5,4,1,3,2,3,3,4,5,5,4,5,4,5,4,5,2,4,2,2,4,4,3,28,28,23,Kinetesico,1,0,0
2,G,3,4,3,2,2,3,2,3,3,4,5,2,3,4,3,4,4,4,2,1,2,2,4,2,25,21,16,Visual,0,0,1
2,K,5,2,1,4,4,5,3,3,4,2,1,2,3,5,1,3,4,5,5,1,2,2,1,5,23,16,25,Kinetesico,1,0,0
2,K,2,5,1,5,4,2,5,5,2,2,3,4,5,5,5,2,3,2,4,1,3,4,5,5,17,29,33,Kinetesico,1,0,0
2,K,5,4,5,5,4,2,4,5,5,2,2,3,5,5,3,1,1,4,4,4,1,4,5,1,26,21,28,Kinetesico,1,0,0
3,A,2,2,3,1,4,3,3,3,5,3,3,3,4,1,3,4,5,2,3,2,2,1,2,2,20,21,17,Auditivo,0,1,0
3,D,3,1,2,4,3,4,2,3,2,4,2,4,2,4,2,2,3,1,3,1,4,4,4,1,21,21,19,Kinetesico,1,0,0
3,B,3,2,3,1,2,2,3,2,4,4,4,4,4,3,2,4,2,4,2,4,3,3,4,3,23,19,18,Visual,0,0,1
3,B,4,4,3,3,3,2,2,3,4,2,5,2,4,2,4,4,5,3,3,3,2,4,5,3,22,25,22,Auditivo,0,1,0
3,C,3,4,3,2,4,3,5,3,2,2,1,1,4,3,3,2,5,1,3,2,4,4,3,4,17,24,25,Kinetesico,1,0,0
3,B,4,2,3,3,2,4,4,2,5,5,5,3,4,5,3,5,4,4,3,3,2,5,4,3,31,20,24,Visual,0,0,1
3,J,3,2,4,2,2,3,3,3,2,3,2,2,4,2,2,3,3,2,2,2,2,3,2,2,19,15,19,Kinetesico,1,0,0
3,C,4,1,2,1,2,5,5,3,3,4,5,4,3,5,1,5,1,3,5,3,1,5,5,4,28,15,26,Visual,0,0,1
3,E,3,5,4,3,5,4,3,5,5,3,3,4,5,3,3,5,5,4,5,2,4,4,3,4,25,29,29,Kinetesico,1,0,0
3,A,3,3,3,2,2,4,4,3,3,3,4,4,3,2,2,3,4,3,3,3,2,3,2,4,22,19,22,Kinetesico,1,0,0
3,D,3,2,4,4,2,3,4,3,4,5,4,3,5,5,3,3,4,2,2,2,4,3,4,3,28,22,24,Visual,0,0,1
3,D,3,4,3,2,4,5,4,3,4,3,5,4,2,4,1,4,1,5,4,3,3,3,3,2,27,20,20,Visual,0,0,1
3,D,3,2,2,1,4,5,5,3,5,4,5,5,5,5,4,4,3,2,3,2,2,4,4,2,29,24,23,Visual,0,0,1
3,C,4,2,4,3,3,5,3,4,5,5,5,5,5,4,2,3,2,3,2,3,3,5,5,2,32,22,24,Visual,0,0,1
3,L,2,2,3,1,2,3,4,2,4,4,3,2,4,5,3,4,3,1,4,2,4,5,2,4,24,18,24,Kinetesico,1,0,0
3,F,4,4,2,1,2,1,5,2,3,1,5,4,4,5,5,4,1,2,4,1,1,4,5,2,21,22,22,Kinetesico,1,0,0
3,C,2,3,3,1,3,1,4,4,3,3,4,3,5,3,3,3,2,2,2,3,2,3,3,2,19,19,21,Kinetesico,1,0,0
3,A,3,2,1,5,3,3,2,3,3,5,3,3,5,3,3,3,5,1,2,4,3,1,2,1,21,21,19,Kinetesico,1,0,0
3,F,3,2,5,4,3,5,3,4,5,3,2,4,5,5,4,3,5,2,4,2,2,4,3,2,28,23,26,Visual,0,0,1
3,E,3,5,4,2,1,1,5,4,3,1,5,5,4,3,3,2,5,4,5,2,4,3,2,1,20,25,24,Auditivo,0,1,0
3,A,4,3,2,5,3,4,4,3,5,3,4,5,5,3,3,3,5,4,4,3,3,4,2,4,25,24,29,Kinetesico,1,0,0
3,D,4,2,3,1,2,3,4,3,5,4,3,3,5,4,4,4,1,3,4,3,4,4,5,4,26,21,25,Visual,0,0,1
3,E,3,2,3,2,4,3,5,3,4,5,3,2,5,5,3,4,4,5,3,4,3,4,3,5,26,21,27,Kinetesico,1,0,0
3,B,2,2,4,3,1,5,4,2,4,3,2,3,3,3,3,4,1,1,2,2,1,2,2,1,23,13,17,Visual,0,0,1
3,E,2,5,3,1,4,3,4,3,5,5,1,2,4,5,3,4,2,4,3,2,3,4,2,4,24,21,23,Visual,0,0,1
3,D,4,3,4,3,4,4,5,4,3,3,4,3,4,4,3,3,5,2,4,3,3,4,2,2,26,23,26,Kinetesico,1,0,0
3,E,2,4,2,2,4,5,3,4,3,2,4,5,3,3,5,3,2,4,3,1,3,3,4,3,21,27,21,Auditivo,0,1,0
3,G,5,4,4,4,3,3,4,4,4,3,3,2,5,3,2,4,2,2,3,2,5,3,3,2,25,21,25,Kinetesico,1,0,0
3,B,2,4,1,1,3,2,4,2,4,1,1,5,5,5,5,3,4,1,5,2,1,4,2,4,16,24,25,Kinetesico,1,0,0
3,B,1,5,2,5,5,1,5,2,3,1,3,3,5,2,5,3,5,2,5,3,3,2,1,2,13,27,26,Auditivo,0,1,0
3,B,4,3,2,1,2,3,4,2,3,4,2,3,4,5,3,5,1,2,5,1,5,3,3,2,23,20,21,Visual,0,0,1
3,C,4,5,5,3,3,5,2,2,3,3,1,2,5,3,3,4,5,1,3,3,5,4,1,4,24,24,23,Kinetesico,1,0,0
3,E,5,4,4,2,4,5,5,4,5,5,5,4,5,3,5,5,4,2,4,4,2,4,5,4,32,28,28,Visual,0,0,1
3,B,3,3,2,1,2,2,2,2,3,3,2,4,3,5,3,3,2,4,4,2,2,2,3,3,20,19,17,Visual,0,0,1
3,C,2,3,3,2,4,3,3,2,2,3,2,2,4,3,2,2,3,2,4,3,2,3,2,2,18,18,20,Kinetesico,1,0,0
3,D,2,4,3,1,1,1,3,3,4,1,2,2,5,4,5,5,3,2,4,1,4,5,4,1,17,23,22,Auditivo,0,1,0
3,C,2,4,4,3,2,3,5,3,3,3,1,4,1,5,4,5,2,1,2,3,5,3,2,2,21,23,19,Auditivo,0,1,0
3,D,4,3,4,5,3,4,5,4,5,3,5,4,5,3,4,5,5,5,4,4,1,4,5,5,28,25,32,Kinetesico,1,0,0
3,E,2,2,4,5,4,2,5,3,3,3,5,4,4,5,4,3,4,2,3,2,3,4,3,4,24,24,28,Kinetesico,1,0,0
3,B,5,5,3,1,4,2,3,5,3,4,5,4,2,5,3,5,5,4,4,3,5,3,5,4,27,31,22,Auditivo,0,1,0
3,F,4,1,5,3,1,1,2,2,2,2,3,5,4,4,5,5,4,1,5,1,5,5,5,5,21,26,26,Kinetesico,1,0,0
3,G,1,3,2,4,3,2,4,2,4,5,2,5,4,4,3,4,3,2,3,1,3,2,2,1,20,22,20,Auditivo,0,1,0
3,G,4,4,3,5,4,2,3,3,4,2,5,5,5,5,5,5,4,2,3,1,2,2,3,3,25,27,24,Auditivo,0,1,0
3,A,3,3,2,2,2,4,3,3,3,4,5,2,5,5,2,4,3,4,4,2,3,3,4,4,26,19,24,Visual,0,0,1
3,F,3,4,3,3,5,2,3,2,3,3,2,3,2,2,4,2,5,2,3,2,5,2,2,2,18,28,17,Auditivo,0,1,0
3,F,3,3,2,5,3,4,4,3,3,3,5,3,4,3,3,3,5,2,3,2,2,3,2,3,23,21,25,Kinetesico,1,0,0
3,D,4,1,3,1,2,4,4,5,3,4,3,4,5,3,2,2,4,3,2,2,2,3,1,2,24,16,22,Visual,0,0,1
3,H,4,3,5,1,5,3,5,4,5,3,1,1,3,3,3,3,5,4,3,1,4,5,3,5,24,24,26,Kinetesico,1,0,0
3,C,5,3,4,2,4,4,3,4,4,5,4,5,3,4,4,5,1,5,5,2,3,3,4,3,30,24,23,Visual,0,0,1
3,B,3,4,4,1,3,4,3,3,4,3,2,3,2,3,3,3,4,4,4,3,3,3,4,3,23,24,19,Auditivo,0,1,0
3,B,3,4,3,1,3,3,3,4,5,2,5,3,5,4,4,5,1,2,3,1,2,2,5,3,25,22,21,Visual,0,0,1
3,E,3,2,5,2,3,4,5,2,4,2,3,1,4,2,1,3,4,1,2,2,2,5,5,1,23,18,21,Visual,0,0,1
3,B,2,3,2,1,4,1,3,4,4,3,4,5,4,2,4,2,2,1,3,1,2,4,1,3,18,21,22,Kinetesico,1,0,0
3,C,4,4,3,2,2,3,3,3,3,4,3,3,5,5,3,4,1,2,4,2,2,3,4,3,25,19,23,Visual,0,0,1
3,C,2,3,3,1,5,4,3,2,3,3,4,4,3,4,3,3,4,3,3,2,2,3,4,2,23,25,17,Auditivo,0,1,0
3,I,3,3,2,5,2,3,4,3,2,3,5,4,5,5,5,4,5,5,3,2,2,3,3,3,23,24,26,Kinetesico,1,0,0
3,C,2,3,2,1,3,3,3,4,3,3,4,2,3,4,3,4,2,1,3,3,2,4,2,2,21,17,20,Visual,0,0,1
3,A,3,5,3,3,2,5,4,3,3,2,4,4,3,4,4,3,3,2,2,2,2,3,5,5,24,25,23,Auditivo,0,1,0
3,B,3,1,3,2,1,5,4,2,4,5,4,2,5,4,1,4,1,5,3,4,2,5,4,4,28,12,25,Visual,0,0,1
3,F,3,4,3,1,2,3,4,2,4,4,4,4,3,2,3,4,4,3,2,2,2,2,4,3,23,23,17,Kinetesico,1,0,0
3,F,3,3,3,2,4,2,5,3,5,4,3,4,3,4,3,4,2,2,5,2,3,4,3,5,24,22,27,Kinetesico,1,0,0
3,A,4,3,5,1,5,5,5,5,5,3,5,5,5,2,3,2,5,3,5,2,2,5,3,5,29,26,31,Kinetesico,1,0,0
3,B,3,2,4,1,2,5,2,2,4,4,4,5,4,2,2,2,4,1,3,2,1,5,2,2,26,18,19,Visual,0,0,1
3,C,5,4,1,1,5,5,5,4,1,5,1,1,4,4,3,4,1,1,5,4,5,5,4,5,22,23,29,Kinetesico,1,0,0
3,A,4,5,5,5,1,3,3,4,5,2,2,1,4,5,3,4,1,5,2,1,2,2,5,4,26,18,24,Visual,0,0,1
3,A,2,1,5,1,4,5,4,3,2,2,5,1,4,4,4,2,5,2,5,4,2,4,1,1,25,18,22,Visual,0,0,1
3,C,2,4,2,2,4,5,4,4,3,1,4,3,5,2,2,4,4,4,3,3,2,3,4,2,19,23,23,Kinetesico,1,0,0
3,B,3,2,3,4,3,4,3,2,3,3,2,5,4,3,3,4,3,2,2,1,5,5,4,4,21,25,24,Auditivo,0,1,0
3,C,5,5,5,1,5,5,5,1,5,5,1,1,5,5,5,5,1,5,5,5,5,5,5,5,31,27,27,Visual,0,0,1
3,A,2,5,4,2,4,2,5,3,3,2,2,3,5,3,5,5,3,1,5,5,3,4,5,3,18,28,27,Auditivo,0,1,0
3,A,4,2,4,1,1,4,3,4,4,4,1,5,5,5,4,3,5,3,4,4,4,4,4,3,26,25,24,Visual,0,0,1
3,E,4,3,3,2,2,4,3,3,4,3,4,3,4,5,2,3,1,5,4,3,2,3,5,5,27,18,24,Visual,0,0,1
3,C,4,3,4,2,3,5,4,2,5,5,5,3,5,4,2,5,5,2,3,4,2,4,5,5,32,23,25,Visual,0,0,1
3,E,3,2,2,3,2,3,2,2,3,2,3,5,3,4,2,2,5,3,2,2,3,2,4,1,20,23,15,Auditivo,0,1,0
3,L,3,2,2,3,2,2,2,2,4,2,4,2,3,3,2,3,2,2,3,2,2,3,3,2,20,15,18,Visual,0,0,1
3,F,3,3,4,4,3,3,2,3,4,2,1,2,4,3,3,2,5,3,4,2,2,4,3,2,20,21,23,Kinetesico,1,0,0
3,F,4,3,3,1,2,4,2,4,4,4,4,4,5,4,3,3,1,4,3,2,2,4,4,2,27,19,21,Visual,0,0,1
3,D,4,2,3,1,2,5,2,3,5,5,2,2,5,5,2,4,3,2,5,4,1,5,5,4,29,17,25,Visual,0,0,1
3,A,5,4,5,2,5,4,3,4,4,5,5,4,5,5,4,4,3,4,5,4,4,4,4,5,33,28,28,Visual,0,0,1
3,F,4,5,4,2,4,2,3,5,4,3,2,3,4,2,4,3,4,2,4,1,4,3,1,4,21,25,25,Kinetesico,1,0,0
3,B,1,1,3,3,2,5,2,3,3,5,5,1,4,5,1,3,1,5,5,3,1,4,4,1,27,11,22,Visual,0,0,1
3,A,2,2,2,3,2,4,4,1,2,2,3,3,5,4,2,2,5,2,3,1,2,3,1,4,19,17,23,Kinetesico,1,0,0
3,D,4,3,4,2,3,3,4,5,4,3,5,1,5,3,2,4,5,2,2,1,2,2,3,4,26,19,24,Visual,0,0,1
3,D,4,4,3,4,2,4,3,2,4,3,5,5,3,4,3,4,5,4,2,3,3,3,3,3,27,25,20,Visual,0,0,1
3,F,5,3,4,1,2,4,3,4,4,5,4,4,5,5,3,5,5,4,5,2,5,5,5,5,31,27,28,Visual,0,0,1
3,C,5,4,4,3,2,1,4,2,5,5,1,1,5,5,4,5,4,3,4,5,5,4,5,5,26,25,27,Kinetesico,1,0,0
3,C,4,3,4,3,3,4,4,3,5,4,2,5,3,3,2,4,5,2,3,1,4,5,2,2,26,24,23,Visual,0,0,1
3,E,5,2,3,3,3,2,2,2,2,3,2,2,3,3,2,2,2,4,4,5,4,2,5,2,20,20,18,Kinetesico,1,0,0
3,A,2,2,5,1,2,5,5,2,4,5,5,4,5,5,1,5,1,3,5,4,3,5,3,3,31,16,26,Visual,0,0,1
3,F,5,3,4,5,2,3,5,5,5,5,5,3,5,4,2,5,5,5,4,3,1,5,4,1,31,20,30,Visual,0,0,1
3,G,5,2,5,2,5,2,2,5,5,2,5,2,5,5,2,5,2,5,2,5,2,2,5,2,29,20,20,Visual,0,0,1
3,C,3,4,3,2,2,5,3,3,5,5,5,4,2,5,2,4,2,3,2,4,1,5,5,1,31,20,18,Visual,0,0,1
3,D,4,2,3,2,2,4,2,3,5,3,2,3,4,5,3,3,4,5,4,4,2,3,2,3,26,18,21,Visual,0,0,1
3,B,3,2,3,1,5,3,4,2,2,3,2,3,5,3,4,2,4,1,5,2,5,4,1,2,19,24,23,Auditivo,0,1,0
3,K,3,4,4,4,4,3,5,5,4,3,3,4,5,2,3,3,4,2,2,3,2,3,2,3,22,23,27,Kinetesico,1,0,0
3,F,2,1,5,3,2,4,3,2,2,2,3,1,3,2,2,4,5,3,4,2,4,4,3,2,20,18,21,Kinetesico,1,0,0
3,A,2,3,3,1,4,2,2,4,1,4,4,1,5,2,2,4,1,5,3,1,2,4,2,2,18,15,21,Kinetesico,1,0,0
3,A,3,3,2,1,1,2,1,2,2,3,5,3,4,3,4,3,2,2,2,3,1,3,2,4,20,16,17,Visual,0,0,1
3,B,2,4,3,3,4,2,4,3,3,3,2,3,4,2,3,3,4,2,4,3,4,5,3,5,17,25,28,Kinetesico,1,0,0
3,F,4,2,4,1,2,3,4,3,4,5,3,1,5,4,3,4,1,3,5,5,3,5,1,5,27,13,28,Kinetesico,1,0,0
3,F,3,2,1,1,3,5,5,3,2,3,4,2,2,3,5,4,4,2,3,1,2,3,1,2,21,19,19,Visual,0,0,1
3,D,4,3,4,5,2,3,4,3,5,4,5,3,5,4,3,5,5,5,4,3,2,4,5,4,29,23,29,Kinetesico,1,0,0
3,F,5,2,5,1,3,5,5,2,5,5,5,3,5,4,5,5,1,4,2,4,5,5,5,1,34,24,21,Visual,0,0,1
3,B,3,4,5,3,1,5,3,2,4,3,5,3,4,5,2,3,5,4,3,2,3,2,4,2,30,22,19,Visual,0,0,1
3,A,4,1,3,2,4,5,4,3,5,4,2,1,3,1,4,3,5,2,3,3,4,4,3,3,24,22,22,Visual,0,0,1
3,A,3,4,3,2,3,5,4,3,4,5,2,1,3,3,3,3,3,4,4,4,4,2,2,3,25,20,21,Visual,0,0,1
3,C,1,3,3,1,3,3,4,3,3,3,3,4,4,4,3,3,1,3,3,2,3,3,3,2,20,20,20,Kinetesico,1,0,0
3,F,3,4,5,2,3,5,3,3,5,2,2,1,3,3,3,3,3,4,4,2,4,4,2,2,25,20,21,Visual,0,0,1
3,F,5,4,4,2,3,4,4,3,4,4,5,4,5,5,4,4,3,4,5,2,3,4,3,2,31,24,25,Visual,0,0,1
3,C,2,3,3,2,3,4,5,2,2,4,5,4,5,3,3,3,4,2,2,4,2,2,3,2,23,22,20,Visual,0,0,1
3,E,1,4,5,4,4,2,4,5,4,2,1,2,4,4,3,2,5,4,4,2,3,4,2,4,19,23,29,Kinetesico,1,0,0
3,D,2,4,2,1,2,2,5,4,3,1,4,4,4,3,4,3,4,2,2,2,2,3,1,2,17,21,21,Kinetesico,1,0,0
3,C,4,3,4,1,4,3,5,3,5,3,2,3,1,3,3,5,3,3,4,3,4,5,5,5,24,25,24,Auditivo,0,1,0
3,A,3,3,2,4,3,4,5,4,2,4,2,4,3,3,3,2,2,2,2,1,4,4,2,2,20,21,24,Kinetesico,1,0,0
3,D,4,2,4,1,1,5,4,2,1,4,5,4,5,2,1,3,1,1,3,1,3,3,2,3,25,14,21,Visual,0,0,1
3,D,4,3,4,2,3,5,2,3,3,5,4,2,5,3,2,2,4,5,3,3,2,4,3,3,28,19,22,Visual,0,0,1
3,F,3,2,3,2,2,4,4,3,4,4,2,2,5,4,3,5,5,3,4,2,1,3,4,5,24,19,26,Kinetesico,1,0,0
3,D,2,2,4,5,3,3,2,2,3,2,2,2,4,3,3,2,3,3,2,2,2,4,5,2,19,20,21,Kinetesico,1,0,0
3,D,4,4,2,1,1,2,3,3,4,2,2,2,4,3,4,2,4,2,2,1,4,3,2,3,19,21,19,Auditivo,0,1,0
3,F,2,2,5,5,2,2,3,1,2,4,2,2,2,5,4,2,5,1,3,3,4,2,2,3,22,21,19,Visual,0,0,1
3,A,4,5,1,3,4,2,5,3,5,2,2,4,4,2,3,4,4,2,2,1,2,5,4,4,18,26,26,Kinetesico,1,0,0
3,D,4,4,4,4,4,4,4,4,4,4,4,4,4,4,4,4,4,4,4,4,4,4,4,4,28,28,28,Kinetesico,1,0,0
3,B,4,2,3,2,2,3,3,2,3,2,4,2,3,4,2,2,4,3,2,4,2,3,1,4,23,15,19,Visual,0,0,1
3,K,3,2,2,4,4,4,3,2,5,3,2,2,5,2,4,3,1,1,4,3,4,2,4,4,21,21,24,Kinetesico,1,0,0
3,D,2,2,3,4,2,5,4,2,4,3,3,1,4,3,1,3,5,3,3,4,2,2,1,2,23,14,21,Visual,0,0,1
3,F,3,4,3,3,4,5,5,3,5,1,2,5,5,1,1,1,4,1,3,4,2,3,1,1,20,21,23,Kinetesico,1,0,0
3,A,2,3,1,3,2,3,2,2,3,2,1,2,2,2,3,2,2,2,2,3,3,2,2,2,14,17,15,Auditivo,0,1,0
3,J,3,3,5,3,4,2,4,3,3,2,5,5,5,4,4,3,5,2,4,1,1,4,4,3,24,26,26,Kinetesico,1,0,0
3,D,2,4,4,1,2,5,5,1,3,4,5,3,5,3,4,2,5,5,1,2,1,4,4,3,26,23,20,Visual,0,0,1
3,E,5,4,5,3,3,5,5,5,4,4,3,5,4,4,2,4,4,3,3,1,4,5,4,3,30,26,28,Visual,0,0,1
3,A,5,2,3,1,2,4,2,4,3,4,5,2,4,4,2,3,2,4,4,4,2,3,2,4,28,14,22,Visual,0,0,1
3,L,4,2,4,2,3,3,2,4,1,4,5,4,5,5,2,4,2,3,4,4,2,4,4,4,26,19,25,Visual,0,0,1
3,E,4,5,4,2,3,4,3,5,4,2,3,4,4,5,3,5,4,4,4,2,4,3,4,3,26,27,24,Auditivo,0,1,0
3,J,4,2,1,1,2,2,2,1,3,3,3,3,3,5,1,1,1,3,2,1,1,3,2,2,21,12,14,Visual,0,0,1
3,F,3,4,3,2,5,2,5,3,5,2,5,2,5,4,4,4,3,2,4,1,3,3,5,2,24,26,24,Auditivo,0,1,0
3,A,2,3,4,4,3,3,5,4,3,2,4,5,1,5,5,5,1,4,2,2,3,4,3,3,23,23,23,Kinetesico,1,0,0
3,D,3,2,2,2,4,3,3,2,2,4,3,4,2,4,3,1,3,4,3,3,3,2,3,1,21,22,15,Auditivo,0,1,0
3,I,3,3,4,2,3,4,3,3,4,4,2,4,4,3,4,3,4,2,3,2,4,4,4,2,24,26,21,Auditivo,0,1,0
3,C,5,2,4,2,5,4,4,4,4,5,3,5,5,5,3,5,5,4,5,2,4,4,4,3,30,28,27,Visual,0,0,1
3,A,2,3,2,1,2,2,4,3,4,2,4,5,3,3,4,4,3,2,3,1,2,3,3,3,19,22,20,Auditivo,0,1,0
3,E,3,2,2,1,3,3,4,2,3,4,5,2,5,5,3,2,2,5,3,2,2,5,2,1,25,16,21,Visual,0,0,1
3,G,2,3,4,4,4,4,3,2,3,2,1,4,5,4,4,3,5,2,2,2,4,4,1,2,20,25,22,Auditivo,0,1,0
3,G,4,2,2,1,3,1,2,2,4,2,1,1,1,5,5,2,2,4,3,1,5,5,5,5,19,23,19,Auditivo,0,1,0
3,C,4,5,2,1,4,3,5,3,5,1,3,4,5,4,2,4,5,4,4,1,4,2,5,4,22,29,24,Auditivo,0,1,0
3,C,4,5,3,3,4,3,5,4,3,3,2,3,3,5,4,3,5,2,2,2,5,3,3,2,23,29,22,Auditivo,0,1,0
3,E,4,5,5,2,3,3,5,2,5,3,2,1,5,4,3,4,5,3,3,1,4,5,5,5,26,26,27,Kinetesico,1,0,0
3,B,4,5,5,4,4,5,5,5,3,5,2,4,5,5,2,5,5,3,4,3,4,5,5,3,29,29,31,Kinetesico,1,0,0
3,K,2,2,4,2,2,2,5,2,1,3,2,2,5,4,5,2,1,1,1,1,2,2,2,4,18,16,21,Kinetesico,1,0,0
3,G,2,5,5,2,3,5,5,5,4,3,4,5,4,4,5,5,2,5,4,1,4,5,5,4,27,29,29,Kinetesico,1,0,0
3,H,1,4,5,1,4,3,3,5,4,4,5,4,5,5,2,2,3,1,2,3,2,5,2,5,27,21,26,Visual,0,0,1
3,G,1,2,2,2,4,2,4,2,1,2,1,4,3,2,2,1,5,1,2,1,2,3,1,1,11,20,17,Auditivo,0,1,0
3,C,2,4,4,1,3,5,5,4,2,5,1,1,4,4,1,3,5,2,3,5,5,2,5,4,23,24,23,Auditivo,0,1,0
3,D,3,3,2,5,3,4,4,3,4,3,5,4,5,5,2,4,5,5,2,3,2,5,3,4,26,22,28,Kinetesico,1,0,0
3,A,2,3,4,4,4,3,5,2,4,4,2,2,5,3,2,3,5,4,4,2,4,4,3,5,22,23,29,Kinetesico,1,0,0
3,C,3,4,2,4,2,5,4,3,5,2,5,2,5,4,3,2,2,3,2,2,2,3,4,3,26,19,24,Visual,0,0,1
3,G,4,1,5,3,2,4,3,2,2,4,2,5,5,5,4,1,2,1,2,1,3,5,2,2,26,19,22,Visual,0,0,1
3,E,1,2,2,2,2,3,5,2,3,3,1,2,4,4,2,3,4,1,2,2,2,3,1,2,17,15,20,Kinetesico,1,0,0
3,C,2,3,3,2,4,4,4,3,5,3,5,5,5,4,3,3,5,5,5,2,3,3,2,2,26,25,24,Visual,0,0,1
3,J,4,3,2,2,2,3,4,3,4,4,3,3,4,2,2,3,2,1,2,1,2,3,1,1,22,15,19,Visual,0,0,1
3,A,2,3,3,2,4,5,4,3,3,4,5,3,4,4,2,3,2,5,4,3,2,2,4,4,26,20,23,Visual,0,0,1
3,I,4,4,2,1,4,2,5,2,4,2,5,5,4,3,5,5,5,2,5,1,1,4,5,5,22,29,26,Auditivo,0,1,0
3,H,5,4,3,2,4,3,5,3,4,2,3,2,5,2,4,3,2,4,4,2,1,2,5,3,22,22,24,Kinetesico,1,0,0
3,E,3,4,3,4,4,2,5,2,4,2,5,4,4,2,4,5,5,4,4,2,2,3,2,4,21,25,26,Kinetesico,1,0,0
3,K,4,3,5,2,2,4,3,3,4,4,3,2,5,4,3,2,5,2,3,1,2,3,2,2,28,19,21,Visual,0,0,1
3,D,4,3,3,4,4,3,4,4,5,4,5,4,5,5,4,5,5,5,5,4,2,5,5,5,29,27,32,Kinetesico,1,0,0
3,E,4,4,3,2,2,3,5,4,3,2,5,3,5,4,4,3,3,3,3,2,4,3,2,2,24,22,24,Kinetesico,1,0,0
3,G,2,2,2,3,4,3,4,2,3,3,4,4,3,4,3,4,4,3,5,2,4,2,3,2,21,24,21,Auditivo,0,1,0
3,G,2,3,5,1,4,2,5,4,3,3,3,5,5,4,4,4,3,4,4,1,3,3,2,4,22,24,26,Kinetesico,1,0,0
3,L,4,4,3,2,4,5,5,3,5,2,4,2,3,4,5,2,5,1,3,2,2,5,1,2,27,23,23,Visual,0,0,1
3,D,2,3,3,4,4,5,3,4,5,3,1,5,4,3,2,5,3,1,2,1,3,2,4,2,22,24,21,Auditivo,0,1,0
3,F,4,4,5,2,2,2,3,3,5,3,2,2,4,4,3,4,4,4,4,2,4,4,4,3,25,23,23,Visual,0,0,1
3,A,3,5,2,5,4,2,4,4,3,2,4,5,4,3,5,4,5,2,3,2,3,4,3,4,19,30,28,Auditivo,0,1,0
3,C,5,1,4,1,5,5,5,3,5,1,3,3,3,4,1,5,1,1,3,3,3,5,2,5,27,16,25,Visual,0,0,1
3,A,4,4,3,4,4,3,5,3,4,2,2,3,4,3,4,4,5,3,3,3,4,4,5,4,21,29,27,Auditivo,0,1,0
3,E,4,4,5,3,5,2,2,3,4,1,2,5,4,5,5,5,5,4,5,1,1,3,5,1,23,30,21,Auditivo,0,1,0
3,L,4,4,2,5,5,5,4,3,2,2,1,3,2,5,3,5,5,1,5,1,3,5,1,5,21,24,29,Kinetesico,1,0,0
3,J,3,4,2,5,3,4,4,3,5,3,4,5,5,4,3,5,2,4,5,1,2,4,2,2,25,21,28,Kinetesico,1,0,0
3,H,3,4,3,2,2,3,4,5,4,4,2,2,5,5,5,2,4,5,3,4,3,4,2,2,24,22,25,Kinetesico,1,0,0
3,A,4,2,5,2,3,4,4,2,3,5,4,1,3,3,1,3,3,5,4,5,1,3,4,3,28,15,21,Visual,0,0,1
3,G,4,2,2,3,2,3,3,2,2,3,5,3,4,4,2,3,2,3,4,2,1,3,4,3,23,16,22,Visual,0,0,1
3,F,4,4,5,2,4,3,5,4,5,4,2,2,5,5,3,3,4,2,5,5,4,5,2,4,28,23,30,Kinetesico,1,0,0
3,F,2,2,4,3,4,2,3,2,4,4,5,5,3,4,4,3,2,2,3,1,5,1,3,2,25,25,17,Kinetesico,1,0,0
3,H,2,3,3,2,3,3,4,3,4,3,4,1,5,3,3,4,2,4,5,2,3,2,3,2,22,18,23,Kinetesico,1,0,0
3,E,3,4,3,2,4,2,3,3,4,2,3,4,5,3,2,4,5,4,3,2,2,3,5,3,20,26,22,Auditivo,0,1,0
3,L,3,1,4,1,4,5,4,4,2,3,2,5,2,5,3,2,1,3,5,3,4,3,1,1,24,19,20,Visual,0,0,1
3,D,3,3,2,3,2,4,3,3,4,4,5,4,4,3,4,5,5,2,3,2,1,4,4,2,25,23,22,Visual,0,0,1
3,A,3,3,4,5,3,4,4,3,3,4,3,2,2,4,3,3,5,3,3,4,3,4,2,2,25,21,23,Visual,0,0,1
3,B,4,3,4,3,2,4,3,4,4,4,4,1,5,5,1,4,5,4,3,5,2,4,3,3,29,17,25,Visual,0,0,1
3,B,5,5,4,5,5,4,3,4,4,2,5,4,5,5,5,4,1,2,4,1,1,5,5,3,29,26,29,Kinetesico,1,0,0
3,K,3,4,3,4,1,5,3,3,2,4,3,4,2,5,5,4,3,2,4,1,3,4,1,4,25,21,24,Visual,0,0,1
3,G,5,4,2,1,3,4,5,2,3,5,1,2,5,5,2,2,2,1,5,2,5,5,2,2,25,20,25,Kinetesico,1,0,0
3,H,1,4,3,4,2,2,5,2,3,3,1,5,4,3,3,3,4,1,2,2,5,4,1,4,16,24,25,Kinetesico,1,0,0
3,G,4,3,4,2,3,4,2,3,3,5,3,1,4,3,1,2,3,3,3,4,2,2,5,5,26,18,21,Visual,0,0,1
3,L,3,3,3,2,3,3,3,4,5,3,2,3,5,5,3,5,5,2,4,3,3,4,2,3,24,22,25,Kinetesico,1,0,0
3,B,2,3,2,2,2,4,4,3,3,2,4,2,2,3,2,3,5,4,3,2,2,2,2,2,20,18,18,Visual,0,0,1
3,A,3,2,3,2,4,5,3,3,3,4,3,2,4,4,2,3,3,4,4,3,4,3,4,3,25,21,22,Visual,0,0,1
3,L,3,5,4,4,4,3,4,3,4,3,3,3,4,4,4,4,3,3,4,2,4,4,3,3,24,26,26,Kinetesico,1,0,0
3,D,2,2,3,4,1,5,4,2,3,3,4,4,5,4,4,3,4,2,2,1,3,2,4,4,24,22,23,Visual,0,0,1
3,K,4,3,3,1,2,3,3,4,2,2,2,2,4,5,2,5,2,4,3,2,2,5,5,3,21,18,23,Kinetesico,1,0,0
3,I,2,3,3,4,3,2,4,2,4,3,5,5,4,2,3,5,4,1,5,1,2,1,1,2,21,21,22,Kinetesico,1,0,0
3,H,3,2,3,2,3,3,4,3,3,3,5,4,4,5,3,3,5,5,4,1,2,4,4,3,25,23,24,Visual,0,0,1
3,E,3,2,2,2,2,2,2,3,4,4,2,2,4,4,2,4,2,2,3,2,4,4,4,3,21,18,21,Kinetesico,1,0,0
3,I,4,3,3,2,3,4,4,3,3,3,4,4,5,4,3,3,4,2,3,3,3,4,4,2,25,24,23,Visual,0,0,1
3,I,2,3,2,2,4,2,4,3,2,2,3,3,2,3,3,2,4,2,3,2,3,3,2,3,16,22,20,Auditivo,0,1,0
3,L,3,3,3,3,3,2,3,3,4,2,3,2,5,3,3,3,4,2,3,3,2,3,2,3,20,19,23,Kinetesico,1,0,0
3,K,2,3,4,2,3,4,4,4,4,5,2,4,5,5,4,5,5,4,4,2,3,4,5,2,26,27,25,Auditivo,0,1,0
3,H,1,2,1,3,1,2,1,1,2,4,5,1,2,1,2,1,1,1,2,1,2,1,1,1,16,10,11,Visual,0,0,1
3,E,2,2,4,1,2,1,4,2,5,2,2,3,5,3,2,4,3,4,4,2,3,3,4,4,19,19,23,Kinetesico,1,0,0
3,I,5,3,2,2,2,3,2,4,3,2,4,5,3,3,3,3,5,5,2,2,2,3,5,4,22,25,20,Auditivo,0,1,0
3,I,3,3,4,2,4,3,4,4,4,3,4,1,5,4,2,3,2,3,4,5,2,5,3,4,25,17,28,Kinetesico,1,0,0
3,G,2,5,5,1,5,5,5,5,5,1,2,2,4,4,5,5,1,2,3,2,2,2,2,5,24,22,25,Kinetesico,1,0,0
3,H,3,2,3,4,1,4,3,3,3,3,2,2,3,3,2,4,2,2,4,4,2,2,2,2,21,13,21,Kinetesico,1,0,0
3,L,4,2,4,5,2,3,4,4,4,3,3,4,4,5,5,5,5,2,4,3,2,5,3,3,26,23,29,Kinetesico,1,0,0
3,J,2,4,2,5,2,4,3,2,4,2,5,1,3,5,4,2,4,5,1,1,1,4,4,1,24,20,19,Visual,0,0,1
3,D,3,5,4,2,1,5,2,4,5,2,5,1,5,5,5,3,5,2,2,5,2,3,2,3,29,21,21,Visual,0,0,1
3,E,5,5,5,4,2,3,4,5,4,3,4,5,5,5,4,5,4,3,3,2,2,5,5,4,29,27,30,Kinetesico,1,0,0
3,G,3,4,4,1,2,3,3,4,3,3,2,4,5,3,3,3,2,2,3,2,2,4,2,4,21,19,24,Kinetesico,1,0,0
3,L,4,3,2,2,3,4,4,2,3,2,3,2,5,5,2,4,5,3,4,2,2,2,5,4,23,22,23,Kinetesico,1,0,0
3,K,3,4,3,5,4,2,3,4,3,2,3,2,5,5,5,3,5,2,3,2,3,3,3,3,21,26,26,Kinetesico,1,0,0
3,F,4,3,4,2,2,4,4,2,3,4,3,4,5,4,3,3,5,2,3,3,4,5,2,3,26,23,24,Visual,0,0,1
3,H,2,4,3,2,3,4,5,2,4,5,2,5,4,4,2,3,2,1,5,1,5,4,5,5,24,26,27,Kinetesico,1,0,0
3,H,1,3,2,3,2,5,5,3,5,5,5,3,5,5,1,4,5,1,4,3,1,5,3,2,28,18,27,Visual,0,0,1
3,L,3,3,3,2,4,2,4,3,3,3,2,4,5,4,5,4,2,1,2,1,4,4,1,1,20,23,21,Auditivo,0,1,0
3,G,3,3,2,5,3,4,4,1,1,1,5,5,3,5,3,4,5,3,3,3,1,1,1,5,21,21,22,Kinetesico,1,0,0
3,F,3,2,5,4,2,1,3,3,2,1,2,1,3,1,5,4,5,2,2,5,2,3,3,2,15,20,20,Kinetesico,1,0,0
3,K,3,3,4,3,3,5,4,3,5,3,5,2,5,5,3,4,5,4,4,3,2,3,2,5,30,20,27,Visual,0,0,1
3,L,4,2,2,1,3,4,4,3,3,4,5,1,5,5,4,5,5,4,1,1,1,5,1,5,27,17,24,Visual,0,0,1
3,I,4,3,3,1,4,4,5,4,5,4,2,4,5,5,4,3,4,2,3,4,5,4,4,3,27,28,25,Auditivo,0,1,0
3,E,1,5,3,5,4,2,4,1,5,2,1,3,3,1,5,4,5,3,2,3,5,3,5,3,15,32,21,Auditivo,0,1,0
3,C,3,2,3,1,4,3,5,3,5,3,2,1,4,4,2,3,1,4,5,5,5,5,3,5,23,18,28,Kinetesico,1,0,0
3,B,2,2,5,5,3,5,2,3,4,2,5,3,2,5,4,3,5,5,1,2,1,2,3,5,28,21,20,Visual,0,0,1
3,A,4,5,2,3,5,4,4,4,4,3,1,4,4,3,4,4,5,4,3,4,4,3,3,2,21,30,23,Auditivo,0,1,0
3,B,3,4,3,2,2,3,3,3,3,2,3,2,3,3,2,4,4,4,3,2,2,3,4,1,20,20,18,Kinetesico,1,0,0
3,J,2,3,2,3,4,2,3,3,2,2,1,2,4,2,2,1,4,2,4,1,3,2,2,4,13,20,23,Kinetesico,1,0,0
3,K,3,4,4,2,2,4,5,3,3,2,4,2,5,5,5,5,5,4,3,4,4,5,5,3,25,27,26,Auditivo,0,1,0
3,D,2,5,3,1,3,3,3,4,5,2,4,2,5,3,4,3,2,2,4,3,3,4,4,4,22,23,25,Kinetesico,1,0,0
3,G,2,4,3,1,4,2,5,3,4,2,2,2,5,4,5,4,5,1,4,4,4,3,2,2,19,26,23,Auditivo,0,1,0
3,F,3,4,3,2,3,4,4,3,4,3,2,5,4,4,3,3,4,3,3,1,4,3,3,4,23,26,23,Auditivo,0,1,0
3,H,2,3,2,4,3,1,3,2,3,2,3,2,2,4,5,3,3,3,3,2,1,1,3,2,17,20,17,Auditivo,0,1,0
3,E,3,2,3,4,4,3,4,2,2,4,4,2,3,3,3,3,3,3,4,2,2,3,3,2,22,19,22,Kinetesico,1,0,0
3,J,2,3,3,2,2,3,3,4,5,3,2,2,4,2,3,4,5,3,4,3,4,3,3,4,20,22,24,Kinetesico,1,0,0
3,K,5,2,5,1,4,5,3,4,5,5,1,1,5,5,5,5,1,4,5,2,1,2,2,1,31,16,21,Visual,0,0,1
3,J,2,3,3,5,4,4,2,2,3,2,2,2,2,2,2,3,5,3,2,1,2,2,2,2,18,20,17,Auditivo,0,1,0
3,G,1,2,4,2,3,1,4,3,2,2,3,5,5,5,2,1,4,1,3,1,3,4,2,2,18,21,23,Kinetesico,1,0,0
3,B,3,4,5,5,3,2,4,4,2,3,5,3,5,2,3,4,5,1,2,2,3,1,2,2,22,23,23,Kinetesico,1,0,0
3,F,4,2,3,3,2,3,2,2,2,2,2,4,4,2,2,2,2,2,2,2,4,2,4,2,18,20,17,Auditivo,0,1,0
3,J,4,2,4,2,3,4,3,2,4,3,4,2,4,4,2,4,2,3,4,3,2,4,4,3,27,17,22,Visual,0,0,1
3,E,3,5,2,3,4,3,4,2,4,1,3,5,5,3,4,3,4,2,3,1,3,3,2,1,19,27,21,Auditivo,0,1,0
3,I,4,4,3,3,2,2,4,4,3,4,4,5,5,5,5,5,5,5,4,2,2,4,5,4,25,28,28,Kinetesico,1,0,0
3,G,2,2,3,1,3,5,4,3,3,4,4,3,3,3,4,3,2,1,4,2,3,3,3,3,24,20,21,Visual,0,0,1
3,G,5,3,4,2,1,2,3,2,2,1,4,5,3,2,5,1,5,3,2,4,3,2,1,1,20,23,15,Auditivo,0,1,0
3,H,4,5,3,2,4,5,4,3,4,3,3,4,5,4,4,4,2,3,5,4,3,4,4,4,26,26,27,Kinetesico,1,0,0
3,B,1,5,3,3,3,5,5,4,5,2,4,5,5,3,1,4,5,2,3,1,1,5,1,1,23,21,26,Kinetesico,1,0,0
3,B,4,5,3,2,2,3,4,3,4,3,5,2,4,4,3,4,4,3,3,4,2,4,4,4,26,22,24,Visual,0,0,1
3,L,3,2,5,2,3,3,2,2,2,3,5,1,3,5,5,5,5,4,5,5,2,5,4,5,26,22,24,Visual,0,0,1
3,J,3,2,2,4,2,4,4,4,3,4,5,4,4,3,4,4,2,2,2,3,1,2,3,2,24,18,22,Visual,0,0,1
3,B,4,4,4,3,3,5,3,3,3,3,3,4,5,4,3,3,3,1,3,3,3,3,5,3,26,25,23,Visual,0,0,1
3,G,2,3,4,4,2,3,5,4,4,4,2,2,3,4,2,2,4,2,3,2,3,3,3,3,23,19,25,Kinetesico,1,0,0
3,I,1,1,5,5,3,4,4,5,5,5,5,2,5,5,5,5,5,5,5,5,2,5,5,4,30,23,33,Kinetesico,1,0,0
3,H,1,3,2,4,2,4,5,4,4,4,2,2,5,5,4,3,4,2,4,2,4,4,4,4,22,23,30,Kinetesico,1,0,0
3,J,4,2,3,3,2,2,5,4,2,2,1,2,5,4,4,4,5,2,3,2,5,4,5,5,18,25,29,Kinetesico,1,0,0
3,J,3,2,3,4,4,4,4,3,4,3,2,4,5,1,2,3,5,3,4,2,5,3,2,3,20,24,26,Kinetesico,1,0,0
3,I,4,5,2,3,4,3,5,4,5,2,2,3,4,3,3,3,4,3,5,2,4,4,5,4,21,28,29,Kinetesico,1,0,0
3,G,2,2,4,2,3,2,4,3,2,4,3,5,4,4,3,3,3,2,4,2,3,3,3,2,21,22,22,Kinetesico,1,0,0
3,H,3,4,5,2,3,5,4,3,5,5,5,1,3,5,5,4,5,5,5,5,3,5,5,5,33,26,27,Visual,0,0,1
3,I,2,5,3,3,4,5,4,3,3,2,4,5,4,3,2,2,5,2,3,2,2,3,2,4,22,25,24,Auditivo,0,1,0
3,I,1,2,2,4,2,4,4,1,5,3,2,3,5,4,3,2,4,4,3,1,2,4,3,2,21,19,23,Kinetesico,1,0,0
3,I,3,4,4,5,2,2,5,3,1,2,5,5,5,4,4,4,5,4,4,1,1,5,5,2,21,26,29,Kinetesico,1,0,0
3,J,5,5,4,3,3,5,4,4,4,4,5,5,5,5,5,5,4,4,5,3,3,4,5,5,32,30,30,Visual,0,0,1
3,K,3,1,3,2,2,2,4,3,4,5,4,5,5,5,4,3,2,2,4,1,2,3,2,2,26,18,23,Visual,0,0,1
3,A,5,3,4,5,3,3,4,3,5,5,3,2,5,3,3,3,4,4,4,4,4,4,5,5,28,24,30,Kinetesico,1,0,0
3,I,1,5,3,2,1,1,5,2,2,1,1,5,5,2,3,3,5,2,5,1,5,4,2,1,11,26,24,Auditivo,0,1,0
3,K,2,3,2,2,2,2,3,2,3,2,4,4,2,3,2,2,1,2,2,2,3,2,4,3,18,19,16,Auditivo,0,1,0
3,J,4,3,3,5,2,4,4,3,4,3,5,3,4,4,4,4,5,5,3,3,2,4,4,3,27,23,26,Visual,0,0,1
3,K,3,2,4,3,4,5,4,3,4,3,3,3,5,5,4,4,2,2,3,4,2,4,4,4,27,21,26,Visual,0,0,1
3,E,2,2,2,2,4,4,3,3,2,2,2,2,3,2,2,3,2,3,3,2,3,2,3,5,16,18,21,Kinetesico,1,0,0
3,G,4,3,3,2,3,3,3,3,5,3,2,3,3,2,4,4,2,4,3,4,4,5,3,4,22,22,23,Kinetesico,1,0,0
3,I,3,1,5,2,2,2,2,3,2,2,1,2,4,5,5,5,1,2,2,5,5,2,5,1,20,21,16,Auditivo,0,1,0
3,K,1,2,1,5,3,3,3,2,4,3,5,1,2,3,3,5,4,3,2,1,1,2,4,2,20,18,18,Visual,0,0,1
3,H,4,5,4,3,3,4,2,3,3,3,5,3,4,5,4,3,5,4,3,2,2,4,2,4,28,24,23,Visual,0,0,1
3,L,5,5,4,1,5,5,5,4,4,5,1,4,5,5,4,5,5,5,5,4,1,4,5,4,29,29,28,Kinetesico,1,0,0
3,G,2,2,3,5,2,4,5,2,4,2,5,3,5,5,2,5,5,3,5,3,2,5,5,1,25,21,28,Kinetesico,1,0,0
3,J,3,5,3,2,4,5,5,3,4,2,2,3,5,5,4,2,5,5,2,2,1,3,5,2,24,27,22,Auditivo,0,1,0
3,D,5,3,4,2,2,4,2,3,4,4,4,1,3,4,2,4,2,3,3,4,2,3,4,1,29,16,17,Visual,0,0,1
3,K,3,4,3,2,4,4,5,3,2,3,4,2,3,3,3,4,4,2,3,3,3,3,4,2,22,24,21,Auditivo,0,1,0
3,K,3,4,3,2,4,4,5,3,2,3,4,2,3,3,3,4,4,2,3,3,3,3,4,2,22,24,21,Auditivo,0,1,0
3,I,1,4,4,4,4,1,4,4,4,4,4,1,4,1,4,4,4,4,4,4,4,4,1,4,19,22,28,Kinetesico,1,0,0
3,H,3,4,2,2,2,2,3,2,3,2,5,4,4,5,4,3,2,3,3,1,1,3,3,2,22,20,19,Visual,0,0,1
3,K,2,5,1,5,2,1,4,2,2,1,5,3,2,1,1,5,5,5,1,2,1,1,5,1,13,22,16,Auditivo,0,1,0
3,K,2,2,5,2,2,4,5,2,5,2,2,2,4,3,5,4,2,2,4,2,2,2,2,4,23,17,23,Kinetesico,1,0,0
3,L,4,5,1,5,4,3,4,4,4,4,5,4,3,2,3,4,2,1,3,4,5,3,2,1,23,25,23,Auditivo,0,1,0
3,F,4,3,4,3,5,3,4,4,1,2,2,5,4,4,5,4,4,3,4,4,4,4,4,4,20,30,27,Auditivo,0,1,0
3,J,5,5,2,3,2,4,4,4,3,3,5,3,5,5,2,3,3,4,4,3,3,5,3,3,27,21,28,Kinetesico,1,0,0
3,J,3,3,2,4,3,3,4,2,4,2,5,2,5,5,2,5,5,4,4,5,1,4,4,4,24,20,27,Kinetesico,1,0,0
3,H,2,1,3,1,1,5,4,2,3,4,5,3,4,2,3,2,2,3,2,3,1,3,3,3,24,14,19,Visual,0,0,1
3,K,4,4,2,3,4,4,5,4,5,5,4,4,5,5,4,4,5,2,4,3,4,5,3,3,29,28,29,Kinetesico,1,0,0
3,I,2,4,3,4,3,5,4,3,5,2,3,3,3,4,3,3,5,4,3,3,3,4,3,3,24,24,24,Kinetesico,1,0,0
3,I,4,4,3,2,4,3,5,4,3,3,4,3,5,4,3,4,4,5,4,4,3,3,3,3,24,24,26,Kinetesico,1,0,0
3,L,2,2,5,1,2,5,5,5,2,1,2,5,5,5,2,5,1,1,1,2,1,2,1,4,22,14,23,Kinetesico,1,0,0
3,I,3,3,4,2,2,3,3,3,4,2,3,3,3,5,3,4,2,3,3,3,2,3,4,5,24,19,22,Visual,0,0,1
3,L,3,3,5,4,2,4,4,3,3,3,2,3,4,3,2,3,3,3,3,3,2,5,2,3,23,17,26,Kinetesico,1,0,0
3,H,3,4,4,4,4,3,1,4,3,2,5,4,4,3,4,3,5,5,3,2,2,4,4,4,23,27,24,Auditivo,0,1,0
3,H,4,4,4,4,3,3,1,4,3,2,4,4,4,3,4,3,4,5,3,2,1,4,4,4,23,24,24,Kinetesico,1,0,0
3,L,1,3,5,2,4,5,4,3,5,4,2,1,5,4,5,2,5,4,5,5,3,4,2,5,26,23,28,Kinetesico,1,0,0
3,G,4,2,3,2,2,5,4,3,5,5,5,5,4,5,2,5,2,4,4,4,3,4,5,4,32,21,25,Visual,0,0,1
3,H,4,4,3,5,1,1,2,1,4,5,5,2,5,2,5,2,5,5,5,1,2,2,5,3,24,24,23,Kinetesico,1,0,0
3,E,3,2,4,5,4,5,5,3,4,4,4,3,2,2,2,5,5,4,3,3,2,5,4,3,26,22,26,Kinetesico,1,0,0
3,B,3,2,3,4,2,3,3,3,3,2,5,3,4,3,4,3,5,2,3,4,3,4,3,4,22,22,25,Kinetesico,1,0,0
3,K,3,4,5,1,4,2,5,2,2,4,1,2,5,2,2,5,1,1,3,2,2,4,1,1,19,16,21,Kinetesico,1,0,0
3,K,2,2,3,4,2,3,3,2,1,4,3,1,3,5,1,5,5,5,2,5,2,5,5,1,21,18,20,Visual,0,0,1
3,K,3,1,1,1,1,1,4,1,5,5,5,1,5,5,5,5,1,5,2,5,4,5,1,1,25,14,19,Visual,0,0,1
3,J,1,1,5,5,1,1,5,3,5,5,5,1,5,5,5,5,5,5,3,1,1,4,1,1,27,15,26,Visual,0,0,1
3,L,3,3,2,1,2,3,3,1,2,2,2,5,5,5,4,3,1,2,3,1,5,4,5,2,19,25,19,Auditivo,0,1,0
